User_ID,Product_ID,Category,Price (Rs.),Discount (%),Final_Price(Rs.),Payment_Method,Purchase_Date,Year,Month,Day,Weekday,Demand
337c166f,f414122f-e,5,36.53,15,31.05,3,2024-11-12,2024,11,12,5,188
d38a19bf,fde50f9c-5,2,232.79,20,186.23,3,2024-02-09,2024,2,9,0,131
d7f5f0b0,0d96fc90-3,5,317.02,25,237.76,1,2024-09-01,2024,9,1,3,136
395d4994,964fc44b-d,6,173.19,25,129.89,4,2024-04-01,2024,4,1,1,162
a83c145c,d70e2fc6-e,0,244.8,20,195.84,3,2024-09-27,2024,9,27,0,150
3fdcdae8,0816ee12-5,1,241.86,50,120.93,4,2024-08-08,2024,8,8,4,232
12772337,d41e0b55-c,6,76.91,5,73.06,1,2024-03-28,2024,3,28,4,123
9f0194af,83b7dc04-5,5,213.23,20,170.58,3,2024-05-29,2024,5,29,6,134
7a8559d8,87c9c896-1,5,379.81,5,360.82,1,2024-02-26,2024,2,26,1,60
8911f0d1,31308875-b,4,415.36,50,207.68,3,2024-01-11,2024,1,11,4,191
98857e41,b2b1af7b-7,1,73.09,10,65.78,0,2024-10-21,2024,10,21,1,180
3b857e65,e221cf14-c,0,393.77,15,334.7,0,2024-09-10,2024,9,10,5,108
204fab33,8c9a5f54-b,4,287.69,10,258.92,1,2024-03-08,2024,3,8,0,91
88159234,eeb0635d-a,5,26.26,50,13.13,1,2024-05-10,2024,5,10,0,262
8c1f2f98,38aec303-2,2,305.1,25,228.83,4,2024-06-20,2024,6,20,4,135
a84d7206,69d91fbc-3,4,113.71,5,108.02,1,2024-04-28,2024,4,28,3,114
4578c08e,928b4b24-d,6,426.75,0,426.75,3,2024-08-17,2024,8,17,2,31
ba3964fa,12f03ff4-6,4,52.98,0,52.98,3,2024-08-08,2024,8,8,4,109
78595586,729191af-4,3,223.89,0,223.89,0,2024-06-13,2024,6,13,4,74
195e0c14,089c1cdd-0,2,166.75,0,166.75,2,2024-09-23,2024,9,23,1,82
7f6e9ab5,a38a732e-9,4,77.22,15,65.64,0,2024-06-01,2024,6,1,2,151
d33a1a62,4c021051-3,6,28.6,25,21.45,1,2024-04-19,2024,4,19,0,189
427a8468,e57d04f5-d,1,395.73,15,336.37,0,2024-11-07,2024,11,7,4,121
97f18950,b1d2560c-7,4,351.87,0,351.87,3,2024-08-31,2024,8,31,2,48
426308a5,4dc7c4a3-8,6,257.14,20,205.71,3,2024-09-14,2024,9,14,2,123
57c601ea,ce353020-f,5,332.0,20,265.6,3,2024-02-03,2024,2,3,2,117
a429364b,7fd8663b-b,6,375.59,30,262.91,3,2024-04-14,2024,4,14,3,134
928bddf9,b338a0b6-7,0,235.13,25,176.35,4,2024-08-06,2024,8,6,5,170
0f32a6f6,df52cac6-d,3,352.95,50,176.47,4,2024-08-05,2024,8,5,1,194
d71af9e5,d384b62b-c,6,245.98,15,209.08,0,2024-06-28,2024,6,28,0,120
b0d1473b,7004654f-0,6,389.72,10,350.75,2,2024-04-22,2024,4,22,1,77
9b99bfb0,5bfb14c4-f,4,88.07,30,61.65,4,2024-10-07,2024,10,7,1,226
de4cdcdd,411c40d9-1,0,40.78,50,20.39,0,2024-03-20,2024,3,20,6,278
5f57fbd4,d5b42863-c,6,105.1,25,78.82,3,2024-03-10,2024,3,10,3,174
87f21131,b896f670-9,4,224.52,50,112.26,2,2024-05-21,2024,5,21,5,223
f7d6dfab,6b5e4a98-0,1,300.81,5,285.77,2,2024-06-01,2024,6,1,2,87
ca363a04,7f05dd28-6,6,24.17,25,18.13,1,2024-01-15,2024,1,15,1,187
68d24203,3e56a630-e,2,95.41,15,81.1,2,2024-04-21,2024,4,21,3,144
0ae7336e,1dc3b1a0-4,2,490.77,10,441.69,4,2024-08-03,2024,8,3,2,48
72343250,cc379a88-b,3,188.07,50,94.03,2,2024-07-01,2024,7,1,1,233
021adfb6,1695a728-0,4,319.29,5,303.33,1,2024-02-20,2024,2,20,5,70
a9f47880,c66354db-6,6,403.4,10,363.06,3,2024-08-25,2024,8,25,3,72
005258a0,273c5035-2,3,303.14,0,303.14,2,2024-05-17,2024,5,17,0,60
5e088877,74b72b2f-7,4,337.81,25,253.36,1,2024-06-18,2024,6,18,5,123
f2e7bcc0,5e059f5f-7,2,449.74,10,404.77,0,2024-09-15,2024,9,15,3,58
5a1d9851,dd5071f5-c,5,272.92,30,191.04,3,2024-05-12,2024,5,12,3,158
cc672bd7,db828c6d-0,4,432.89,15,367.96,1,2024-02-25,2024,2,25,3,74
5c2f954d,db26458e-0,4,310.86,10,279.77,4,2024-10-30,2024,10,30,6,121
d5daed7a,ee59d876-b,0,479.19,0,479.19,2,2024-08-11,2024,8,11,3,47
0b32dc6f,919b53bb-2,4,350.61,10,315.55,2,2024-06-03,2024,6,3,1,83
a151d3b5,159dca37-7,1,154.62,50,77.31,3,2024-10-08,2024,10,8,5,278
e9fde811,af65c4a5-5,6,435.6,50,217.8,3,2024-04-04,2024,4,4,4,178
932c893c,847e77d3-d,6,400.31,25,300.23,3,2024-08-03,2024,8,3,2,112
b98d8283,e907e57c-b,3,15.81,25,11.86,4,2024-05-08,2024,5,8,6,192
4319ad38,f8495894-2,6,35.25,15,29.96,4,2024-01-11,2024,1,11,4,159
0b204db3,be68a8d8-7,3,414.76,0,414.76,2,2024-06-30,2024,6,30,3,34
eb65d1ca,e964198d-7,6,334.47,30,234.13,2,2024-08-25,2024,8,25,3,138
2ce76c47,c834b41d-5,4,178.39,25,133.79,4,2024-10-04,2024,10,4,0,187
e186c635,c4ddee78-e,1,237.95,15,202.26,3,2024-10-22,2024,10,22,5,153
8e9eae19,59718054-8,3,458.12,15,389.4,4,2024-08-29,2024,8,29,4,75
1100831a,0a46a91c-d,0,286.5,5,272.18,1,2024-08-10,2024,8,10,2,95
64b48c94,07ce9e62-a,5,10.78,10,9.7,3,2024-08-22,2024,8,22,4,143
88e9aac9,baff7ab2-1,0,342.66,30,239.86,4,2024-07-24,2024,7,24,6,161
a87b658a,2449a91f-2,5,225.17,30,157.62,0,2024-09-16,2024,9,16,1,164
f92a5812,273ceb78-0,2,405.45,25,304.09,4,2024-07-18,2024,7,18,4,117
158e8085,04dcad68-2,0,112.45,0,112.45,1,2024-07-07,2024,7,7,3,115
179ae4c5,6d1089e4-9,1,380.81,20,304.65,1,2024-04-01,2024,4,1,1,113
79aff6cb,32452d43-a,5,394.12,25,295.59,1,2024-03-09,2024,3,9,2,112
4e082c18,df40cf3d-6,5,334.77,15,284.55,0,2024-01-29,2024,1,29,1,102
3a475b95,42559644-1,2,125.65,10,113.09,4,2024-02-27,2024,2,27,5,120
57633cda,54c501ae-e,6,202.26,20,161.81,0,2024-09-13,2024,9,13,0,143
3f09b3c3,893343d5-d,2,173.51,20,138.81,3,2024-01-28,2024,1,28,3,143
12574fb0,ade73cc0-5,6,30.8,50,15.4,4,2024-04-28,2024,4,28,3,265
6b92aea5,663d067f-2,4,305.93,10,275.34,0,2024-10-19,2024,10,19,2,119
cf929cc7,bc84dcb8-5,2,282.5,5,268.38,0,2024-04-14,2024,4,14,3,81
c73916c0,56c95db1-7,1,274.87,50,137.44,3,2024-09-17,2024,9,17,5,227
ddae0858,4dd272cd-4,3,93.08,20,74.46,3,2024-03-11,2024,3,11,1,160
616fca83,c893a571-b,4,274.11,15,232.99,1,2024-10-17,2024,10,17,4,136
0ac5e876,60e53d02-0,5,362.61,0,362.61,0,2024-11-21,2024,11,21,4,76
5d31e0f4,568f353e-6,3,486.62,25,364.97,3,2024-01-09,2024,1,9,5,99
04cdb11d,c2d4aa98-b,4,336.49,20,269.19,0,2024-09-03,2024,9,3,5,116
e54b0416,ec8c9491-b,6,454.39,25,340.79,1,2024-09-04,2024,9,4,6,107
0d9f9cc3,dd1ca92d-a,4,215.44,50,107.72,4,2024-06-22,2024,6,22,2,229
8c2e8d5f,0fa064a8-d,2,33.02,15,28.07,4,2024-09-18,2024,9,18,6,153
849f6eb8,2ad0fe64-8,6,138.83,10,124.95,3,2024-06-18,2024,6,18,5,125
6964d7bb,9a0a1741-8,1,490.71,5,466.17,2,2024-03-10,2024,3,10,3,47
f9941dc2,b46f5c60-7,6,280.66,15,238.56,2,2024-11-11,2024,11,11,1,141
aa8f723f,214f0eed-f,1,327.4,30,229.18,2,2024-09-11,2024,9,11,6,156
0f78333d,c70fab41-e,1,309.67,25,232.25,4,2024-09-04,2024,9,4,6,138
94aa211f,fcbc5388-0,1,292.67,25,219.5,1,2024-02-13,2024,2,13,5,148
414b8fad,2257fd97-e,2,40.87,15,34.74,3,2024-03-11,2024,3,11,1,158
8f081976,34a952b4-a,2,455.19,15,386.91,3,2024-10-05,2024,10,5,2,108
41622516,5d9e94f3-1,6,312.3,10,281.07,4,2024-01-31,2024,1,31,6,84
0b3c2c9f,4ff5749c-e,5,193.28,10,173.95,4,2024-06-11,2024,6,11,5,106
b7f89b7e,74aeba43-c,3,216.18,30,151.33,1,2024-03-27,2024,3,27,6,168
458ce5f7,2228c622-f,3,81.41,5,77.34,0,2024-02-20,2024,2,20,5,115
b9fabe54,e907f4d3-9,0,496.05,5,471.25,2,2024-01-09,2024,1,9,5,52
2403105a,a7298172-c,5,357.54,15,303.91,0,2024-06-15,2024,6,15,2,88
7a5f0316,4118f1cc-3,3,133.93,0,133.93,0,2024-04-24,2024,4,24,6,98
e0424124,3b0a706d-2,2,90.2,10,81.18,2,2024-01-28,2024,1,28,3,130
b717743a,cd9ba20a-7,1,431.44,50,215.72,4,2024-01-28,2024,1,28,3,197
82d284f0,ec8c3655-e,4,42.98,5,40.83,4,2024-09-07,2024,9,7,2,127
83732a37,b3525981-b,5,182.04,0,182.04,4,2024-08-23,2024,8,23,0,87
d8e5dd07,3d832b43-e,0,83.58,20,66.86,3,2024-04-01,2024,4,1,1,186
458c8213,c40efcc0-2,2,92.92,10,83.63,1,2024-04-02,2024,4,2,5,132
b955c6ec,268ce5a6-f,6,388.1,25,291.08,0,2024-06-28,2024,6,28,0,120
1a4639c6,9822591f-3,0,417.57,50,208.78,4,2024-02-22,2024,2,22,4,208
b3cb8c3c,707c9b5c-c,5,322.93,5,306.78,1,2024-01-03,2024,1,3,6,66
3043e68e,cfe90194-b,6,257.21,5,244.35,4,2024-09-05,2024,9,5,4,78
ffda329b,bf258db9-2,4,29.92,50,14.96,2,2024-05-01,2024,5,1,6,265
b2ab489e,137695d9-6,4,239.67,15,203.72,4,2024-01-27,2024,1,27,2,118
56c6e554,f477647f-5,0,163.3,30,114.31,1,2024-05-31,2024,5,31,0,199
03ec5d73,5b91457c-3,1,135.62,30,94.93,4,2024-09-01,2024,9,1,3,191
3f20311f,c0712648-3,6,61.84,50,30.92,3,2024-04-19,2024,4,19,0,254
d5fb8686,412992e4-9,5,496.36,25,372.27,1,2024-07-30,2024,7,30,5,97
a3df5dd4,40ca8015-7,6,107.11,30,74.98,3,2024-04-29,2024,4,29,1,188
8fa5b154,bc26060a-5,3,384.8,25,288.6,1,2024-10-07,2024,10,7,1,153
f9b0b9bf,7f74df77-2,6,377.75,50,188.88,1,2024-05-25,2024,5,25,2,191
6b395741,aef8a1b7-f,4,285.18,0,285.18,3,2024-05-24,2024,5,24,0,57
367debf4,dbc17060-e,1,187.86,0,187.86,4,2024-02-24,2024,2,24,2,89
51dc4386,87d16f8f-2,5,440.5,50,220.25,3,2024-09-24,2024,9,24,5,180
6b4ec06c,4c54fc1d-0,0,124.56,0,124.56,1,2024-04-16,2024,4,16,5,112
313b6efb,7f15c4cf-6,0,236.7,0,236.7,0,2024-09-16,2024,9,16,1,87
c68d813a,a95d5384-7,2,397.16,30,278.01,0,2024-10-11,2024,10,11,0,159
3b327b6e,69ac51ab-8,0,248.95,15,211.61,2,2024-04-14,2024,4,14,3,139
bba6b57f,d516e842-3,5,123.71,50,61.85,4,2024-10-12,2024,10,12,2,276
98a9ccae,d706b082-4,3,62.46,30,43.72,2,2024-11-18,2024,11,18,1,228
021b5be9,459a15e9-f,3,451.3,20,361.04,0,2024-06-12,2024,6,12,6,94
2ea44e9d,4ccbd0eb-8,5,320.09,0,320.09,4,2024-03-15,2024,3,15,0,58
ccab3064,7b348c44-0,6,51.73,30,36.21,2,2024-05-21,2024,5,21,5,203
ab1add51,ced724ce-2,6,388.94,20,311.15,3,2024-05-21,2024,5,21,5,106
f979e9ea,4cebabca-e,5,85.98,20,68.78,1,2024-05-14,2024,5,14,5,159
8f30f97d,6b4b6852-a,4,460.89,10,414.8,2,2024-05-18,2024,5,18,2,58
b8e38e07,61a3694b-7,4,492.64,20,394.11,1,2024-07-07,2024,7,7,3,76
b1fe155c,4843631e-4,5,86.95,25,65.21,0,2024-08-05,2024,8,5,1,175
9daac50a,b503bda4-8,0,416.65,15,354.15,3,2024-07-05,2024,7,5,0,99
02f68644,c6e0579d-9,6,155.75,50,77.88,1,2024-07-22,2024,7,22,1,237
ab51add8,b93bd2ee-b,2,238.9,25,179.18,0,2024-04-17,2024,4,17,6,148
173a7d55,cf9bf8ad-9,0,470.33,0,470.33,1,2024-04-12,2024,4,12,0,46
c9939103,7ae18ecd-b,6,62.48,20,49.98,4,2024-06-02,2024,6,2,3,172
46b35e44,9f5d4e87-5,4,317.67,20,254.14,3,2024-02-10,2024,2,10,2,114
1b4424dd,0de24149-d,0,33.21,20,26.57,3,2024-03-14,2024,3,14,4,194
16b4c497,b1cd2571-8,1,118.52,5,112.59,3,2024-04-11,2024,4,11,4,126
ebbfafc3,6518b3f5-9,2,376.63,15,320.14,1,2024-05-07,2024,5,7,5,86
f2c0a566,2a0374d2-e,0,428.47,0,428.47,1,2024-03-15,2024,3,15,0,54
34dad111,119fec0d-2,0,462.91,20,370.33,0,2024-07-02,2024,7,2,5,103
aa7bdfa3,9e012e67-8,3,385.98,15,328.08,3,2024-05-08,2024,5,8,6,91
251c90d9,4b06ab84-e,2,311.0,25,233.25,3,2024-07-31,2024,7,31,6,135
598efd02,68235070-2,6,268.49,25,201.37,4,2024-05-09,2024,5,9,4,140
c5642517,477dbdaa-9,6,185.46,10,166.91,3,2024-06-12,2024,6,12,6,112
5e8aed36,e83298b7-c,3,267.4,5,254.03,0,2024-04-19,2024,4,19,0,79
7be076d6,968716f9-d,4,203.43,5,193.26,2,2024-09-23,2024,9,23,1,99
41118f59,5b7f1241-9,1,171.63,50,85.81,3,2024-02-21,2024,2,21,6,249
2da125c1,69a949eb-b,3,326.01,0,326.01,4,2024-10-11,2024,10,11,0,85
d6b94141,e2a4b6ca-c,3,147.71,0,147.71,3,2024-06-09,2024,6,9,3,93
823e9a88,90518d68-1,2,390.2,0,390.2,3,2024-02-02,2024,2,2,0,42
7391f331,1ee7bc15-5,4,406.06,50,203.03,4,2024-03-24,2024,3,24,3,183
6bdb1d9e,7b5dd212-c,1,268.42,5,255.0,1,2024-03-10,2024,3,10,3,86
ab7273bc,eb1e3cad-b,0,210.36,10,189.32,0,2024-11-17,2024,11,17,3,160
839f23dc,2838f818-c,4,285.47,20,228.38,3,2024-06-01,2024,6,1,2,127
42385946,9d19438f-d,6,494.46,10,445.01,1,2024-08-18,2024,8,18,3,54
c7978493,c45f28ae-1,2,287.09,20,229.67,2,2024-04-10,2024,4,10,6,120
b6df8c21,0f772bf6-b,2,378.27,0,378.27,0,2024-03-29,2024,3,29,0,47
c112eed4,42cf5d2e-e,2,23.54,20,18.83,2,2024-07-11,2024,7,11,4,172
92e87211,b2969904-5,2,383.58,10,345.22,4,2024-06-07,2024,6,7,0,74
a7a46866,8d276b60-e,5,41.61,15,35.37,1,2024-11-05,2024,11,5,5,186
a1adb0ae,d13b913f-9,6,261.57,50,130.78,2,2024-07-20,2024,7,20,2,219
f30003fb,5c2c5955-3,3,251.32,5,238.75,1,2024-06-28,2024,6,28,0,89
73bfc396,bc3bb60a-5,5,72.43,50,36.22,2,2024-09-15,2024,9,15,3,258
3e41585f,27e9782e-5,5,421.0,10,378.9,3,2024-07-03,2024,7,3,6,64
599dbf81,ab7ff487-1,1,422.02,30,295.41,2,2024-06-07,2024,6,7,0,130
7cb6d3eb,d5c83689-d,6,219.83,5,208.84,1,2024-10-13,2024,10,13,3,118
73a54189,b7af74f2-2,3,242.33,15,205.98,3,2024-05-10,2024,5,10,0,120
13649191,4750a3de-4,2,334.28,15,284.14,0,2024-05-07,2024,5,7,5,100
fea0052e,7b7268d8-6,1,148.21,50,74.11,3,2024-08-22,2024,8,22,4,255
a0968a8d,1f251a5e-3,4,275.11,50,137.56,3,2024-08-25,2024,8,25,3,214
cd1f4cd0,8e964181-6,4,211.85,20,169.48,4,2024-05-28,2024,5,28,5,139
82f860f7,5a8e414b-b,5,497.4,50,248.7,2,2024-08-08,2024,8,8,4,173
51dacac1,65a4da6f-6,0,368.74,5,350.3,4,2024-02-26,2024,2,26,1,79
38a1e970,5a55a846-e,4,260.82,0,260.82,1,2024-02-05,2024,2,5,1,62
d0d5e3b0,7ce94426-b,0,394.35,15,335.2,3,2024-03-06,2024,3,6,6,101
4ff8266f,f391d9be-7,4,459.03,20,367.22,1,2024-08-11,2024,8,11,3,92
faff6ffa,cde121ac-d,0,377.99,10,340.19,2,2024-07-26,2024,7,26,0,92
8c3265d7,08562850-3,5,269.87,50,134.94,4,2024-08-06,2024,8,6,5,217
8a00dc54,4263e65c-c,0,458.8,50,229.4,3,2024-06-25,2024,6,25,5,194
3d0aec60,43630740-4,4,414.08,20,331.26,3,2024-04-03,2024,4,3,6,94
4f231045,c3297364-0,2,496.06,15,421.65,2,2024-10-20,2024,10,20,3,90
72a44b20,4d7b33d6-4,1,295.86,30,207.1,4,2024-10-29,2024,10,29,5,189
c34605d2,16ee2335-1,4,430.43,0,430.43,4,2024-10-02,2024,10,2,6,58
f836adad,be9ec030-d,5,169.71,25,127.28,1,2024-07-08,2024,7,8,1,163
aec17f43,6eaed388-2,2,315.8,0,315.8,3,2024-11-20,2024,11,20,6,81
f1cbd9ed,31de3bd2-f,4,154.33,25,115.75,1,2024-08-04,2024,8,4,3,169
7c8bf4b9,88870a57-4,4,197.33,25,148.0,1,2024-08-22,2024,8,22,4,150
a5cda6c8,df236be6-3,6,270.73,20,216.58,3,2024-08-06,2024,8,6,5,121
c55dd505,0a074647-b,4,261.23,20,208.98,0,2024-11-13,2024,11,13,6,153
f666dd75,88ef8a42-2,4,334.87,50,167.44,0,2024-11-14,2024,11,14,4,233
c2eefc6e,a0e0a691-6,0,266.2,0,266.2,4,2024-11-14,2024,11,14,4,117
4b3752aa,8afa06d8-5,4,169.53,50,84.77,1,2024-03-06,2024,3,6,6,235
5984c518,cc75f240-f,2,332.57,0,332.57,3,2024-02-18,2024,2,18,3,48
ba0d460e,0cf80cb2-8,6,398.85,10,358.97,2,2024-09-23,2024,9,23,1,65
e0f55269,6b4cb792-5,4,180.6,0,180.6,4,2024-09-24,2024,9,24,5,80
7bdff67a,eabbc369-2,1,433.59,25,325.19,2,2024-01-14,2024,1,14,3,114
10c31378,9883b500-1,4,20.74,10,18.67,4,2024-09-01,2024,9,1,3,144
e651377e,a8f16266-b,3,17.01,30,11.91,3,2024-05-24,2024,5,24,0,210
ba678df8,da23cfa7-8,3,34.13,50,17.07,0,2024-03-09,2024,3,9,2,263
49a759a7,6998026b-c,4,11.14,15,9.47,1,2024-03-19,2024,3,19,5,163
abb2fa33,bf309230-0,4,206.97,0,206.97,3,2024-10-25,2024,10,25,0,106
a3b63775,f10370ff-5,4,353.08,50,176.54,1,2024-08-23,2024,8,23,0,200
1c816115,5fe989c9-0,5,67.36,25,50.52,3,2024-11-10,2024,11,10,3,216
74ba5569,18a5e79d-9,1,203.49,30,142.44,3,2024-04-30,2024,4,30,5,181
e0a14854,8d0bdad7-4,2,246.98,30,172.89,4,2024-05-11,2024,5,11,2,165
171a2e71,928d77c4-3,1,368.25,20,294.6,1,2024-11-16,2024,11,16,2,141
c7cd48dd,f383159c-4,1,327.19,20,261.75,2,2024-11-02,2024,11,2,2,154
b7380b04,8d255132-b,5,274.65,20,219.72,2,2024-11-08,2024,11,8,0,157
d799d699,2cbe2f6f-c,3,369.15,0,369.15,1,2024-06-19,2024,6,19,6,45
d374b1f9,9ea32af8-e,2,84.26,5,80.05,0,2024-10-16,2024,10,16,6,146
e8492835,65ac8845-c,1,255.74,25,191.81,4,2024-06-04,2024,6,4,5,149
3efbfc39,93a8561e-7,5,440.74,30,308.52,0,2024-09-11,2024,9,11,6,121
b267883f,41fbbdbc-9,3,316.84,25,237.63,2,2024-05-25,2024,5,25,2,131
978ce91d,e2cdb444-c,0,199.88,10,179.89,3,2024-01-20,2024,1,20,2,135
4062921e,bcdf7628-1,4,389.85,30,272.89,3,2024-07-20,2024,7,20,2,127
2fb9f48b,1115a4cc-1,5,317.98,5,302.08,1,2024-07-23,2024,7,23,5,74
aa744c61,a1d355b7-1,4,165.06,30,115.54,2,2024-11-12,2024,11,12,5,211
121bdf3e,a0354415-2,1,192.48,15,163.61,1,2024-06-05,2024,6,5,6,136
6894c5b0,96ef0dc9-6,4,106.34,20,85.07,4,2024-04-11,2024,4,11,4,155
152a3010,bc8f50c4-2,3,404.92,50,202.46,2,2024-10-22,2024,10,22,5,217
cc1c878a,8a124bf1-f,6,289.62,10,260.66,3,2024-07-28,2024,7,28,3,97
02d317f1,7951f51e-0,0,129.89,5,123.4,2,2024-04-21,2024,4,21,3,127
4789f600,28cfa86a-5,4,41.2,5,39.14,3,2024-07-15,2024,7,15,1,123
f2e4ad50,612b78d4-f,2,208.08,15,176.87,4,2024-11-15,2024,11,15,0,157
b721c64b,b91ead40-7,5,114.84,20,91.87,0,2024-06-17,2024,6,17,1,154
30d3fca9,88c4fbee-6,6,430.16,20,344.13,4,2024-01-31,2024,1,31,6,90
1e02db52,12e1e7b7-7,5,431.98,25,323.99,4,2024-01-06,2024,1,6,2,106
ccdec6cd,743ba069-f,4,472.77,20,378.22,0,2024-03-29,2024,3,29,0,86
72baa45f,4ee2c2d6-9,5,473.18,50,236.59,2,2024-10-24,2024,10,24,4,203
f3498014,1c303802-d,1,205.06,25,153.8,0,2024-08-13,2024,8,13,5,166
d4438986,fe1e6a78-9,0,485.71,20,388.57,1,2024-06-07,2024,6,7,0,97
b7ce73a5,3ba8563c-f,5,84.28,10,75.85,0,2024-09-23,2024,9,23,1,135
56c899ff,afda448a-a,1,189.84,20,151.87,1,2024-03-08,2024,3,8,0,153
8d6c950e,916025c8-f,5,366.4,15,311.44,3,2024-09-12,2024,9,12,4,87
dcfc3adc,ece88ff7-0,2,93.05,50,46.52,0,2024-05-15,2024,5,15,6,253
94ed2dce,9083e49d-7,6,398.16,5,378.25,1,2024-04-19,2024,4,19,0,50
7341f194,c69635d9-f,5,326.51,20,261.21,2,2024-05-27,2024,5,27,1,119
295a2e0b,23e7a67d-1,6,367.98,5,349.58,1,2024-02-11,2024,2,11,3,64
480b55c6,7bbba576-7,6,424.14,50,212.07,2,2024-09-06,2024,9,6,0,188
4bd29822,948a3b40-d,2,359.51,30,251.66,4,2024-05-12,2024,5,12,3,134
11d1ef2a,b6bfe4cb-f,6,187.2,25,140.4,3,2024-05-28,2024,5,28,5,158
c6952c07,56f9b336-5,4,232.12,5,220.51,4,2024-08-27,2024,8,27,5,92
171c325f,ce4c61d2-d,5,236.78,25,177.59,3,2024-06-23,2024,6,23,3,144
ed799954,d2f40c10-8,5,439.4,10,395.46,0,2024-04-03,2024,4,3,6,63
4e3e6bab,3d8c1bc0-8,6,133.33,5,126.66,1,2024-05-19,2024,5,19,3,112
29b1dbdf,1bec4273-5,0,199.31,5,189.34,4,2024-08-31,2024,8,31,2,118
11692893,e570765e-b,3,143.68,10,129.31,4,2024-08-02,2024,8,2,0,119
6258f6d7,be05d6b5-2,4,313.37,15,266.36,4,2024-07-28,2024,7,28,3,97
ade66e84,06ea5adb-3,3,311.05,30,217.73,3,2024-04-27,2024,4,27,2,143
7bad321f,0d1765cc-2,0,71.34,0,71.34,4,2024-09-10,2024,9,10,5,120
cf78ab9a,23eca2e3-4,1,354.11,0,354.11,2,2024-06-29,2024,6,29,2,58
a1573efd,00bb902e-c,1,163.91,10,147.52,0,2024-09-22,2024,9,22,3,126
8f87ab8c,c1cbbee6-d,2,460.83,30,322.58,0,2024-02-17,2024,2,17,2,122
3be9cded,8730a0ee-7,0,49.61,20,39.69,1,2024-04-17,2024,4,17,6,191
c0895f76,9869b403-1,2,325.51,15,276.68,2,2024-11-10,2024,11,10,3,132
52d2c78c,7936a1cb-1,1,394.16,10,354.74,3,2024-11-02,2024,11,2,2,114
b53aa320,a49efe9f-9,4,440.11,5,418.1,2,2024-09-19,2024,9,19,4,43
fe747fa8,c0b10d64-7,1,94.52,30,66.16,0,2024-10-10,2024,10,10,4,228
fab2b55b,474c66bf-3,0,209.41,50,104.7,3,2024-10-31,2024,10,31,4,275
4632f85b,312bc8fc-8,6,413.31,30,289.32,3,2024-03-07,2024,3,7,4,125
c6781108,f048a4a2-5,5,205.82,5,195.53,1,2024-10-07,2024,10,7,1,125
5bc7097b,118fb0b7-5,4,110.73,30,77.51,0,2024-11-21,2024,11,21,4,217
e7dc9f25,36d0d0c8-a,6,432.1,5,410.5,3,2024-06-07,2024,6,7,0,50
f8fec828,a1d11037-3,5,375.09,5,356.34,2,2024-10-26,2024,10,26,2,84
a0b8e39d,5f7c41ee-8,3,69.77,5,66.28,2,2024-06-17,2024,6,17,1,123
81f9a928,148cb3f3-1,0,430.96,15,366.32,0,2024-09-10,2024,9,10,5,96
91da6560,03855207-2,4,429.69,30,300.78,0,2024-02-07,2024,2,7,6,129
26d5be1a,5409dd3e-8,1,381.28,15,324.09,0,2024-10-05,2024,10,5,2,123
7bf93a72,fb807119-e,6,72.87,20,58.3,2,2024-02-14,2024,2,14,6,167
32839723,a875d9c4-3,0,37.67,25,28.25,4,2024-04-07,2024,4,7,3,205
2c2500ea,c0b273c2-5,1,485.0,15,412.25,3,2024-11-17,2024,11,17,3,108
39d11da5,61c34d6b-7,4,214.45,0,214.45,1,2024-04-14,2024,4,14,3,79
70f75830,e7f6b561-2,0,315.89,0,315.89,0,2024-01-02,2024,1,2,5,74
3066b9d4,e5e1cfb0-8,1,211.67,50,105.83,3,2024-05-07,2024,5,7,5,234
a35fe5e5,108aa207-b,6,490.75,30,343.52,1,2024-07-01,2024,7,1,1,114
a3e73890,06a09e72-0,6,444.27,10,399.84,0,2024-02-26,2024,2,26,1,58
e3c4830d,d0b8fdbd-c,5,244.61,10,220.15,3,2024-08-23,2024,8,23,0,104
186f1145,6a7a755f-3,1,444.87,30,311.41,1,2024-03-09,2024,3,9,2,127
a2dd035d,8fb4616e-1,1,231.08,10,207.97,2,2024-01-31,2024,1,31,6,109
b2de1538,211045d2-8,0,32.39,20,25.91,1,2024-05-11,2024,5,11,2,189
3b7c7e0d,19c38aae-f,6,260.74,5,247.7,3,2024-09-20,2024,9,20,0,82
cab404e5,96cc2aff-a,3,446.14,0,446.14,4,2024-01-03,2024,1,3,6,27
c0b59a57,1f547b94-e,0,144.56,10,130.1,4,2024-08-08,2024,8,8,4,144
5a2835a0,38cc3695-2,4,467.35,50,233.68,2,2024-07-11,2024,7,11,4,174
68376ad1,0c216a89-c,6,71.02,50,35.51,0,2024-11-17,2024,11,17,3,280
e6b61602,8154e3b9-f,5,374.32,50,187.16,0,2024-01-07,2024,1,7,3,193
ed127a6a,9a063b15-b,1,61.82,20,49.46,4,2024-01-21,2024,1,21,3,172
cdce35a4,1c38c5f3-a,4,214.64,20,171.71,0,2024-08-05,2024,8,5,1,136
b7ce1000,4743f61c-6,1,220.76,15,187.65,0,2024-03-14,2024,3,14,4,128
4eada12f,f7dc5f39-8,6,204.56,0,204.56,4,2024-03-06,2024,3,6,6,81
72033276,938a985a-3,0,78.43,15,66.67,3,2024-08-24,2024,8,24,2,171
d3e271bc,8423ce73-6,4,132.48,20,105.98,4,2024-05-01,2024,5,1,6,154
75f9ffb4,67788728-f,1,334.55,5,317.82,3,2024-11-13,2024,11,13,6,105
1ec3ff2a,f103ac45-1,3,311.29,10,280.16,2,2024-10-12,2024,10,12,2,112
9977a28d,2b5c6c6d-1,3,70.49,15,59.92,2,2024-01-24,2024,1,24,6,145
b622561c,adf77823-5,3,243.69,50,121.84,1,2024-01-05,2024,1,5,0,226
6f7f0073,1e180b5a-5,2,74.67,20,59.74,0,2024-05-21,2024,5,21,5,162
0593db79,747539b8-3,3,388.03,5,368.63,3,2024-07-07,2024,7,7,3,57
6531579c,d037e5a2-4,5,28.12,0,28.12,1,2024-03-17,2024,3,17,3,115
6c54fef2,5d6fed7e-c,1,112.53,15,95.65,1,2024-06-12,2024,6,12,6,152
b1a586a8,35303867-3,1,439.81,15,373.84,3,2024-05-25,2024,5,25,2,87
ed87a707,035b2887-1,5,220.37,20,176.3,4,2024-02-05,2024,2,5,1,135
ae15cd88,409255b0-7,4,314.16,30,219.91,4,2024-09-29,2024,9,29,3,144
a87689fb,cb2df151-f,2,438.97,10,395.07,0,2024-10-18,2024,10,18,0,92
d2cafe90,9e7e2170-8,2,166.89,10,150.2,2,2024-01-09,2024,1,9,5,118
43fbc7a3,952d56a9-b,1,222.28,0,222.28,0,2024-09-07,2024,9,7,2,90
0a75e9da,c5cfe88d-5,2,128.89,25,96.67,3,2024-06-24,2024,6,24,1,174
1c74138b,e8999fe4-c,0,65.88,30,46.12,0,2024-10-12,2024,10,12,2,242
f1733214,30884869-f,0,31.93,15,27.14,3,2024-03-14,2024,3,14,4,177
4c95d133,9c80171d-4,4,18.79,50,9.39,2,2024-10-04,2024,10,4,0,291
294af876,d09b26d9-0,0,46.99,25,35.24,4,2024-03-10,2024,3,10,3,200
249fb3ec,2b55fe4e-5,0,293.28,30,205.3,3,2024-07-27,2024,7,27,2,170
ab71021f,7bd70763-d,5,419.54,10,377.59,0,2024-06-17,2024,6,17,1,63
2bca9bc1,f6ac2fc8-b,3,150.09,10,135.08,2,2024-02-13,2024,2,13,5,117
4cc8d249,9837356f-2,1,172.11,25,129.08,3,2024-07-01,2024,7,1,1,167
1171aed4,fa178a1a-9,1,440.57,5,418.54,4,2024-08-05,2024,8,5,1,51
20951b9c,d0248426-8,6,121.31,15,103.11,4,2024-09-03,2024,9,3,5,135
c4eb27aa,3e909d12-3,3,481.88,15,409.6,2,2024-05-30,2024,5,30,4,67
122abbd7,8783e6d7-9,4,177.59,20,142.07,1,2024-05-17,2024,5,17,0,144
bf16d78e,6c60ac1f-5,3,443.05,30,310.13,2,2024-01-27,2024,1,27,2,118
23d9f470,ce33c092-3,3,235.33,50,117.67,1,2024-06-20,2024,6,20,4,225
cc33391a,6917952b-a,0,24.75,50,12.38,3,2024-01-14,2024,1,14,3,284
f196dcc8,dd47ca5c-7,3,470.9,10,423.81,4,2024-02-20,2024,2,20,5,57
5c4cc9cd,dbdf1bd9-4,1,237.27,0,237.27,0,2024-11-13,2024,11,13,6,107
6b76e9a1,affa909a-d,1,151.72,5,144.13,1,2024-03-23,2024,3,23,2,113
d9028424,b728a1fd-f,1,27.88,50,13.94,1,2024-04-24,2024,4,24,6,271
d6e84fa8,9290dba4-3,5,26.95,20,21.56,2,2024-03-08,2024,3,8,0,169
3cce7ee7,35165fca-f,5,417.34,30,292.14,2,2024-02-17,2024,2,17,2,124
2359eacf,f9b277b8-e,2,207.54,10,186.79,2,2024-06-26,2024,6,26,6,107
cea71fcf,6330d18c-c,4,123.41,25,92.56,4,2024-05-05,2024,5,5,3,171
aeb09719,cca83636-7,5,398.36,0,398.36,2,2024-03-26,2024,3,26,5,35
afbfbe33,0e1a71b4-5,5,350.5,15,297.93,4,2024-01-12,2024,1,12,0,91
8ee04e56,f75cd757-e,1,459.93,0,459.93,1,2024-06-19,2024,6,19,6,34
17ec5173,d7756866-3,6,324.93,25,243.7,0,2024-02-29,2024,2,29,4,133
4277aa34,8758e2a7-5,6,483.48,15,410.96,0,2024-09-12,2024,9,12,4,72
4a66b400,f6668874-4,1,286.37,25,214.78,2,2024-03-18,2024,3,18,1,147
b849ee82,99f4f73c-d,5,486.15,5,461.84,3,2024-06-25,2024,6,25,5,41
d8adad87,34731d18-b,2,44.29,0,44.29,1,2024-10-08,2024,10,8,5,138
e3181955,9daf59d4-d,5,481.53,25,361.15,4,2024-08-21,2024,8,21,6,100
b7b776d2,112725bd-9,6,404.07,15,343.46,4,2024-07-01,2024,7,1,1,86
6707ca3f,5471b17a-5,5,63.31,20,50.65,4,2024-06-12,2024,6,12,6,163
3421e7ba,4e770614-0,3,254.31,0,254.31,4,2024-04-05,2024,4,5,0,69
14a322ad,880eab94-7,4,152.98,15,130.03,4,2024-06-18,2024,6,18,5,135
c3a6ef65,a3a6c3c3-5,3,199.16,15,169.29,2,2024-03-20,2024,3,20,6,121
58e5b2b1,2029492d-a,3,384.71,10,346.24,4,2024-03-08,2024,3,8,0,78
913acac1,97aa2898-6,6,498.37,10,448.53,1,2024-06-23,2024,6,23,3,54
d51c7bc1,1a75428d-6,0,142.53,10,128.28,4,2024-10-07,2024,10,7,1,167
531b6e08,741be484-3,0,353.77,15,300.7,4,2024-02-05,2024,2,5,1,118
36e2ff8c,6cc0fabb-0,6,38.68,5,36.75,4,2024-09-11,2024,9,11,6,122
c98a91eb,edc90cdd-f,3,34.3,10,30.87,0,2024-11-12,2024,11,12,5,175
d30c4698,49da2a6d-0,5,121.05,25,90.79,0,2024-09-13,2024,9,13,0,165
29782162,19694848-0,5,117.95,15,100.26,1,2024-01-14,2024,1,14,3,144
fdb2b385,966d092f-4,2,41.11,20,32.89,2,2024-11-12,2024,11,12,5,206
833e59d2,e1fbcf04-4,3,171.56,20,137.25,4,2024-07-26,2024,7,26,0,145
8f46fab4,5ff948e9-e,2,190.47,20,152.38,4,2024-04-11,2024,4,11,4,142
f69c9130,37dd32b9-2,6,94.21,25,70.66,3,2024-04-06,2024,4,6,2,180
c1edff29,f5929b23-f,3,294.66,15,250.46,3,2024-10-19,2024,10,19,2,137
741de2c1,f735c522-7,4,262.15,15,222.83,0,2024-01-14,2024,1,14,3,116
c9c10b75,0bb347fc-8,1,257.35,50,128.68,1,2024-11-13,2024,11,13,6,255
02428050,385d5a98-5,1,318.15,10,286.33,1,2024-03-17,2024,3,17,3,92
cc0dfe20,1879476d-1,5,432.56,30,302.79,2,2024-05-17,2024,5,17,0,126
32d535ae,60552b00-5,1,386.32,10,347.69,4,2024-04-16,2024,4,16,5,84
87bf4ca6,8dc77453-f,6,131.54,5,124.96,3,2024-11-09,2024,11,9,2,142
24af6c3e,68175273-6,2,32.29,0,32.29,4,2024-10-13,2024,10,13,3,144
1828fb43,1716680b-f,4,278.03,10,250.23,1,2024-02-14,2024,2,14,6,97
65aaf4f4,61dc6cda-6,0,381.05,10,342.94,2,2024-10-07,2024,10,7,1,121
faf193a9,3b35362c-0,6,56.78,10,51.1,4,2024-03-11,2024,3,11,1,136
c6a2892f,7321f69d-6,5,30.56,30,21.39,4,2024-06-02,2024,6,2,3,198
4e432e36,70243117-d,2,387.81,20,310.25,0,2024-08-01,2024,8,1,4,104
29421930,ec7ee1d8-c,2,375.41,30,262.79,4,2024-02-27,2024,2,27,5,131
85227829,9f0f06d3-3,5,183.1,5,173.94,2,2024-03-11,2024,3,11,1,99
fcf06f0b,b1f1cec7-8,3,278.54,15,236.76,2,2024-10-15,2024,10,15,5,135
df90d7c9,fbcacc6c-d,2,227.68,10,204.91,4,2024-09-16,2024,9,16,1,100
3adf00f3,28c40ae3-e,3,490.91,30,343.64,3,2024-08-02,2024,8,2,0,112
27dd0710,9eeae0e2-6,2,69.31,50,34.66,3,2024-09-23,2024,9,23,1,256
500dfa44,b8c6b653-c,0,31.12,50,15.56,0,2024-08-16,2024,8,16,0,280
c41750b6,538ed23f-d,5,225.59,25,169.19,3,2024-09-11,2024,9,11,6,152
e6659f20,c612b025-d,6,328.31,10,295.48,1,2024-08-30,2024,8,30,0,88
ea529ab7,5aff8eb0-a,1,92.21,50,46.1,0,2024-09-12,2024,9,12,4,261
83bef224,0a6ec1de-5,4,95.3,15,81.0,3,2024-03-21,2024,3,21,4,149
f14cd9dc,4cf74eeb-1,6,467.24,0,467.24,4,2024-08-09,2024,8,9,0,30
97d33649,66d31bcc-5,5,181.68,10,163.51,2,2024-02-21,2024,2,21,6,113
0be6c0bb,86c443dc-d,2,267.88,50,133.94,4,2024-07-16,2024,7,16,5,211
09ed6fb4,e5071257-0,3,138.46,0,138.46,0,2024-05-22,2024,5,22,6,90
898f9c6d,2d45fe93-4,2,151.92,5,144.32,1,2024-06-12,2024,6,12,6,108
116fecb8,1df471c0-6,3,163.54,25,122.66,2,2024-03-03,2024,3,3,3,162
594294be,ad05bd9b-3,0,286.09,30,200.26,3,2024-06-05,2024,6,5,6,172
ad1e2bd6,26feb22b-9,0,209.89,30,146.92,4,2024-02-29,2024,2,29,4,193
e45edb68,43084da7-3,6,454.14,10,408.73,3,2024-11-13,2024,11,13,6,88
39c35fd6,d3ede683-9,4,87.6,25,65.7,4,2024-05-16,2024,5,16,4,172
3d958865,8b7d3acc-5,0,223.73,30,156.61,3,2024-07-31,2024,7,31,6,187
52ee67bc,c2358c11-c,2,473.12,10,425.81,4,2024-11-11,2024,11,11,1,84
00db7b85,5e1c0286-d,2,474.63,5,450.9,3,2024-04-18,2024,4,18,4,39
d4336610,6f5b3c27-7,1,351.26,10,316.13,1,2024-11-20,2024,11,20,6,120
18fa5e20,1e048fba-3,2,412.47,15,350.6,0,2024-08-07,2024,8,7,6,80
c981b672,5e3bc580-6,5,221.39,20,177.11,2,2024-05-28,2024,5,28,5,135
66ab38ee,b6c438b1-4,2,47.18,0,47.18,2,2024-01-17,2024,1,17,6,108
4f56d40d,6ff74b4d-7,5,363.37,50,181.69,2,2024-05-17,2024,5,17,0,194
0f8a805d,513edd5b-a,5,116.06,0,116.06,3,2024-10-17,2024,10,17,4,127
7d67e3f1,474e681a-a,4,321.07,20,256.86,0,2024-07-08,2024,7,8,1,117
ab9fa9a3,1e7bf1fe-6,1,485.4,20,388.32,1,2024-11-02,2024,11,2,2,120
b428f6cc,f28cdd02-7,2,129.71,25,97.28,0,2024-05-18,2024,5,18,2,165
a03eaa0c,38d8b02d-4,2,481.63,20,385.3,0,2024-05-06,2024,5,6,1,87
6e2c9c02,6eac3727-8,3,112.0,0,112.0,4,2024-06-12,2024,6,12,6,94
5767f51e,db7d8ba8-a,1,444.98,0,444.98,0,2024-03-22,2024,3,22,0,36
08f509e7,0e5c25e6-2,0,226.97,25,170.23,1,2024-10-21,2024,10,21,1,201
0c414eaf,5d6d3c17-6,3,412.98,20,330.38,2,2024-10-06,2024,10,6,3,124
f198455a,d0d702ad-8,3,306.97,20,245.58,1,2024-03-07,2024,3,7,4,122
c7060813,25ea4a1f-0,1,479.52,15,407.59,4,2024-09-25,2024,9,25,6,80
e235eaa8,7c4d897b-7,5,422.68,15,359.28,4,2024-02-02,2024,2,2,0,84
bc022fce,7fe0ba98-f,6,450.51,30,315.36,4,2024-10-11,2024,10,11,0,148
c6a1341f,fa1b70a0-d,2,337.72,5,320.83,1,2024-05-26,2024,5,26,3,71
1738af2a,dce9a48e-f,2,355.43,25,266.57,4,2024-09-08,2024,9,8,3,122
5390cbdf,933712e7-8,5,250.41,50,125.2,2,2024-01-13,2024,1,13,2,220
371ace0c,37cadfa7-8,0,258.08,25,193.56,3,2024-06-19,2024,6,19,6,166
187108d8,27cdeb76-6,5,61.98,0,61.98,1,2024-01-17,2024,1,17,6,106
66f00c2d,cfcc5fd6-b,1,277.14,10,249.43,4,2024-07-15,2024,7,15,1,99
376f737f,210a2d36-7,3,181.62,50,90.81,1,2024-10-24,2024,10,24,4,267
7679f01b,4c798c68-9,0,101.29,15,86.1,4,2024-02-23,2024,2,23,0,168
0513a984,e0f744c7-3,5,399.69,25,299.77,0,2024-07-04,2024,7,4,4,110
f4658b9f,f5819e74-0,1,181.69,10,163.52,2,2024-02-09,2024,2,9,0,119
9826f69a,37800a56-3,2,138.51,15,117.73,1,2024-02-20,2024,2,20,5,137
39b5a2a7,1a3aa7ac-9,5,360.88,30,252.62,2,2024-09-23,2024,9,23,1,140
f720b9b7,6d05da53-3,6,152.43,20,121.94,2,2024-04-02,2024,4,2,5,151
771ce878,2ea64143-d,4,278.78,15,236.96,2,2024-01-13,2024,1,13,2,108
f1807b8c,9a544065-a,0,82.95,10,74.66,1,2024-06-23,2024,6,23,3,148
c78d307b,28dd3466-1,5,83.31,5,79.14,2,2024-10-04,2024,10,4,0,149
18571441,7438ea1f-c,1,268.14,0,268.14,2,2024-06-02,2024,6,2,3,75
4d7042f4,071b5966-3,5,489.42,50,244.71,0,2024-08-20,2024,8,20,5,172
52b9a923,1d4e9360-1,4,210.4,0,210.4,3,2024-05-23,2024,5,23,4,78
f40a9b6d,e5a12194-5,1,99.23,20,79.38,4,2024-02-28,2024,2,28,6,167
0e01eaf1,385838a7-e,3,280.2,0,280.2,4,2024-07-28,2024,7,28,3,67
5b662387,bb11a08f-4,0,200.14,10,180.13,1,2024-11-06,2024,11,6,6,156
c2b48c64,b22c4626-9,4,388.45,15,330.18,3,2024-04-19,2024,4,19,0,86
4ae01f60,2784b792-4,3,429.43,50,214.72,1,2024-08-04,2024,8,4,3,184
3696bfd0,c1e93299-2,6,348.15,15,295.93,2,2024-01-10,2024,1,10,6,98
b5603d04,762221aa-3,1,176.6,0,176.6,1,2024-03-12,2024,3,12,5,93
1a80943e,389afb40-f,0,228.74,0,228.74,4,2024-07-04,2024,7,4,4,89
e14e962f,2830b16b-9,4,302.97,15,257.52,0,2024-07-09,2024,7,9,5,102
2b3198dd,88733fae-e,0,117.7,25,88.28,3,2024-08-11,2024,8,11,3,190
8c24815e,67d80dfd-7,2,219.19,25,164.39,4,2024-07-25,2024,7,25,4,155
e6ee5109,381eab4a-d,4,137.74,30,96.42,0,2024-08-23,2024,8,23,0,186
a1aad5f0,36fe6ac6-2,0,436.86,5,415.02,3,2024-02-11,2024,2,11,3,66
51d656fb,82b6cd96-6,5,269.89,20,215.91,3,2024-09-28,2024,9,28,2,127
dc1a6629,a1f2b6dd-7,5,81.82,10,73.64,3,2024-06-05,2024,6,5,6,131
fcb88b64,5dd58cd8-2,1,353.61,20,282.89,1,2024-04-26,2024,4,26,0,114
0410a28c,ed21c448-4,6,37.73,15,32.07,3,2024-04-27,2024,4,27,2,156
b1851eeb,3eb56196-f,1,215.34,5,204.57,1,2024-03-25,2024,3,25,1,102
128c7985,c3890ccb-8,6,117.18,10,105.46,2,2024-03-07,2024,3,7,4,130
da8e2fdc,4a8e60af-d,0,451.22,5,428.66,3,2024-03-29,2024,3,29,0,68
48f6819e,7bcd7ac9-6,0,382.83,30,267.98,0,2024-01-08,2024,1,8,1,153
13fcb9dd,90a62e58-d,5,213.0,50,106.5,3,2024-01-08,2024,1,8,1,226
db68c3eb,9e13e61e-c,4,450.17,0,450.17,1,2024-03-21,2024,3,21,4,27
71466805,d5ffce9f-3,4,251.98,50,125.99,4,2024-07-31,2024,7,31,6,215
1e5bd791,3bf1badc-6,0,345.49,25,259.12,4,2024-03-27,2024,3,27,6,143
7dd71ecb,8f8a84e9-8,0,431.89,15,367.11,3,2024-02-03,2024,2,3,2,102
3c8ad6d6,531124f2-0,2,76.69,0,76.69,2,2024-07-02,2024,7,2,5,108
e7267a38,4fb52521-f,3,373.26,50,186.63,1,2024-02-12,2024,2,12,1,192
33f0e5f8,ae353616-c,1,26.71,30,18.7,0,2024-06-05,2024,6,5,6,218
9cb99a90,3eed3203-4,3,191.54,0,191.54,2,2024-08-07,2024,8,7,6,76
a69f0bc8,062f7492-d,5,473.96,25,355.47,4,2024-04-03,2024,4,3,6,102
b1ae1119,c18f0916-4,0,347.43,15,295.32,3,2024-05-22,2024,5,22,6,114
eb5ebf37,1ff000e0-e,2,200.63,5,190.6,0,2024-03-31,2024,3,31,3,92
116383a9,69e1b723-6,4,47.45,25,35.59,2,2024-05-22,2024,5,22,6,187
fe8a21d2,5e2b3419-a,4,453.53,20,362.82,2,2024-04-05,2024,4,5,0,90
81b75cf4,91b88773-5,2,378.95,20,303.16,1,2024-11-21,2024,11,21,4,130
b755ad6c,908a54b6-0,5,321.66,0,321.66,1,2024-05-08,2024,5,8,6,50
e3fa60e2,27c745da-8,4,429.78,5,408.29,2,2024-07-19,2024,7,19,0,54
74d77f27,51f72692-9,4,392.26,5,372.65,3,2024-01-16,2024,1,16,5,54
a852ff82,d269fa86-d,4,169.92,25,127.44,3,2024-04-30,2024,4,30,5,163
a5464600,03e902b1-7,0,344.08,30,240.86,2,2024-04-17,2024,4,17,6,157
ee300046,a2075783-1,1,119.61,50,59.8,2,2024-08-06,2024,8,6,5,253
a49da7a4,507cfd45-3,6,304.02,15,258.42,3,2024-09-13,2024,9,13,0,99
2e541d01,d530da77-3,1,221.6,20,177.28,1,2024-03-10,2024,3,10,3,140
6c22afc7,cddf766d-e,2,371.72,15,315.96,3,2024-08-14,2024,8,14,6,87
e4aa32a0,d78da125-0,1,245.53,0,245.53,4,2024-04-12,2024,4,12,0,85
09ca67b7,018f23ea-7,4,435.73,50,217.87,2,2024-07-23,2024,7,23,5,181
1672d24e,b121d823-9,0,399.88,5,379.89,0,2024-11-06,2024,11,6,6,102
a4b13791,98898541-4,2,471.77,15,401.0,4,2024-10-06,2024,10,6,3,95
a8343047,919c0e4d-0,3,451.25,30,315.88,3,2024-06-10,2024,6,10,1,114
16424ec7,0e7f87e5-8,6,168.52,5,160.09,3,2024-04-03,2024,4,3,6,103
ec4f4397,310c2d25-b,4,272.8,30,190.96,1,2024-05-08,2024,5,8,6,159
7c959ad5,73bb6de8-1,3,153.13,5,145.47,1,2024-04-21,2024,4,21,3,109
9cf50531,31dd646d-7,2,244.73,50,122.36,4,2024-09-02,2024,9,2,1,217
3aec426f,267985bd-2,5,74.64,30,52.25,0,2024-11-17,2024,11,17,3,222
1e6e48c2,b8455d97-7,5,204.33,10,183.9,1,2024-08-08,2024,8,8,4,105
9328a910,7dcce976-1,1,426.27,15,362.33,0,2024-09-20,2024,9,20,0,86
ecbb43d3,a7f3a36d-b,3,369.36,10,332.42,1,2024-09-23,2024,9,23,1,77
a577d4b8,f4193c4a-2,3,384.61,0,384.61,4,2024-02-29,2024,2,29,4,38
317bca3f,26c3c2aa-e,2,203.19,20,162.55,4,2024-03-12,2024,3,12,5,143
2efb6b7f,012b2dda-1,3,394.31,20,315.45,1,2024-05-30,2024,5,30,4,103
ed1ebaa0,52cdaea0-8,0,135.22,25,101.41,4,2024-01-19,2024,1,19,0,191
eb1911f4,3ba6780b-a,6,241.76,50,120.88,4,2024-01-15,2024,1,15,1,225
260c8ec5,5024d38a-c,6,20.31,5,19.29,3,2024-06-05,2024,6,5,6,134
a8fc85ce,4af5147b-4,6,236.62,20,189.3,2,2024-09-29,2024,9,29,3,128
fb8277c8,3c7eedc9-a,5,250.72,0,250.72,1,2024-08-18,2024,8,18,3,66
afacdc15,6280a914-4,1,407.45,30,285.21,4,2024-04-23,2024,4,23,5,141
06539e8b,5497ca0e-5,3,436.95,10,393.25,1,2024-10-18,2024,10,18,0,93
f6e5828e,3a6f86b9-b,6,292.37,50,146.19,2,2024-10-18,2024,10,18,0,239
7da79df6,122394b2-e,5,63.8,0,63.8,1,2024-09-12,2024,9,12,4,111
29db5c37,63b737b8-d,5,462.49,15,393.12,0,2024-08-31,2024,8,31,2,71
c8e51376,433fec78-f,5,122.14,5,116.03,1,2024-05-08,2024,5,8,6,106
403ab1e9,4b94f455-e,6,430.8,50,215.4,4,2024-04-03,2024,4,3,6,188
a458dc49,451dc78c-3,1,245.54,15,208.71,0,2024-09-17,2024,9,17,5,127
aca0dcaf,c385a9e4-c,6,411.1,30,287.77,0,2024-06-19,2024,6,19,6,125
a31224b8,ce07178a-6,2,152.62,50,76.31,1,2024-05-15,2024,5,15,6,242
695fccc3,13cd0a57-0,6,141.24,50,70.62,1,2024-09-24,2024,9,24,5,240
501b16d8,3d9f22df-f,3,419.81,15,356.84,1,2024-04-09,2024,4,9,5,84
7d7f6ad1,a0d2dea3-a,2,389.67,0,389.67,2,2024-06-04,2024,6,4,5,40
c814cdcc,56886e5d-7,3,426.13,20,340.9,1,2024-04-05,2024,4,5,0,98
c6b46864,6e4a33e0-e,3,496.76,5,471.92,0,2024-03-10,2024,3,10,3,34
5a627202,5ec4a8b3-d,3,109.99,15,93.49,0,2024-06-18,2024,6,18,5,146
63fef598,4a545c9f-8,1,423.41,25,317.56,0,2024-06-04,2024,6,4,5,122
00d8ac27,f330657b-d,4,59.42,20,47.54,4,2024-11-18,2024,11,18,1,195
0b4f24e1,2fe1f2b3-b,2,14.4,20,11.52,2,2024-05-21,2024,5,21,5,172
59dce1d0,bef56996-5,0,127.92,10,115.13,4,2024-08-26,2024,8,26,1,141
d60ab6ad,84268f41-1,5,190.26,0,190.26,2,2024-01-15,2024,1,15,1,79
d9a0217a,0f8b3bb7-8,1,366.79,20,293.43,0,2024-03-22,2024,3,22,0,112
4720abd8,4396ccca-1,4,238.92,25,179.19,0,2024-11-12,2024,11,12,5,172
c0e9ac8d,4b89d022-8,1,105.61,10,95.05,0,2024-07-13,2024,7,13,2,139
a9fa4694,5afee66b-4,0,251.84,5,239.25,1,2024-01-23,2024,1,23,5,106
c19814f1,17c05cd0-c,6,482.78,30,337.95,1,2024-07-01,2024,7,1,1,114
e7e2b27c,b0d69622-a,6,204.49,5,194.27,2,2024-02-24,2024,2,24,2,93
f3b73afc,f73bf81c-f,3,364.65,5,346.42,1,2024-02-22,2024,2,22,4,57
8a3d2683,b3345786-8,1,66.29,50,33.15,4,2024-09-16,2024,9,16,1,267
fdc23ea4,4023a06e-7,4,122.79,25,92.09,2,2024-01-09,2024,1,9,5,171
753861d7,3f1caf62-f,4,59.16,20,47.33,0,2024-03-25,2024,3,25,1,171
fe1668db,2ad69764-b,6,482.74,20,386.19,0,2024-03-08,2024,3,8,0,80
26dd0325,33850590-0,6,400.25,30,280.17,1,2024-07-07,2024,7,7,3,132
abdb1e26,07fa6d99-0,2,278.69,30,195.08,1,2024-10-14,2024,10,14,1,179
86dbac6e,14161f4b-8,1,446.45,5,424.13,4,2024-10-15,2024,10,15,5,80
942598dd,33b219e4-0,6,77.79,10,70.01,4,2024-01-05,2024,1,5,0,132
aa467976,89d4357f-0,2,126.91,20,101.53,2,2024-09-07,2024,9,7,2,157
c731ecdc,c6438a19-5,6,350.82,30,245.57,4,2024-05-29,2024,5,29,6,139
9798d65d,0a454a94-f,1,43.02,10,38.72,3,2024-01-18,2024,1,18,4,156
cfc35694,fbe1be6d-3,6,416.29,25,312.22,4,2024-09-09,2024,9,9,1,108
ae08fdb3,9d4429b3-b,1,128.2,15,108.97,2,2024-09-30,2024,9,30,1,144
9e064b40,912f767d-d,6,112.97,25,84.73,4,2024-11-02,2024,11,2,2,200
4f2da9a6,4b585842-7,6,221.92,20,177.54,2,2024-08-21,2024,8,21,6,138
19769f0e,c043a23a-d,6,356.78,20,285.42,2,2024-03-22,2024,3,22,0,105
40fcae03,6698a03c-9,5,309.92,30,216.94,3,2024-08-22,2024,8,22,4,151
afc39278,6e225e67-8,1,400.63,30,280.44,4,2024-03-15,2024,3,15,0,140
24315376,15b532b8-c,1,377.55,50,188.78,4,2024-08-25,2024,8,25,3,202
968fb1ae,f1aa4880-3,0,382.33,15,324.98,1,2024-09-09,2024,9,9,1,105
7c9152e1,e4733b2d-3,0,215.61,15,183.27,1,2024-03-01,2024,3,1,0,145
1bc7e890,88ac9198-a,1,352.89,10,317.6,4,2024-02-02,2024,2,2,0,88
5f605f60,ad95ddec-0,2,403.98,15,343.38,3,2024-09-08,2024,9,8,3,83
ad562a2f,2392c4a9-b,0,19.44,15,16.52,3,2024-07-30,2024,7,30,5,178
52a481f3,95d60434-e,6,422.63,50,211.31,4,2024-10-21,2024,10,21,1,218
95f589a9,e9feb788-5,6,302.73,30,211.91,4,2024-05-24,2024,5,24,0,147
f5e44697,0ca7d06c-9,0,71.26,0,71.26,1,2024-09-03,2024,9,3,5,130
1d146f4a,1d45530e-f,1,332.89,0,332.89,3,2024-07-25,2024,7,25,4,62
e4c02adc,33f24bca-a,2,254.19,10,228.77,1,2024-07-29,2024,7,29,1,97
5cf1d75f,3a2603ce-0,0,436.15,30,305.3,4,2024-08-14,2024,8,14,6,141
0353de5b,a8e54bbb-b,6,379.65,30,265.75,1,2024-11-04,2024,11,4,1,165
399a95fc,c97eb78f-6,6,440.27,20,352.22,0,2024-04-01,2024,4,1,1,94
c5481eba,408988b0-2,6,358.89,0,358.89,3,2024-01-18,2024,1,18,4,49
007d82ed,1d0dfece-f,4,463.05,15,393.59,2,2024-04-06,2024,4,6,2,71
ee84c4d8,ad413f74-7,2,14.66,50,7.33,1,2024-05-15,2024,5,15,6,271
f3431ec8,74232b1e-e,2,374.15,10,336.74,3,2024-08-08,2024,8,8,4,79
5b67f35f,f1612cb4-2,0,330.67,15,281.07,1,2024-05-27,2024,5,27,1,119
bec3ba15,1730de82-d,1,367.14,5,348.78,3,2024-09-26,2024,9,26,4,75
b3b50a4f,b99ff610-5,3,96.93,50,48.47,0,2024-08-15,2024,8,15,4,249
7a1822f3,fd68f3df-7,4,326.94,5,310.59,3,2024-09-26,2024,9,26,4,66
19250ed7,68365458-0,5,133.61,10,120.25,0,2024-01-06,2024,1,6,2,124
6f5fd5f2,b1cac920-f,3,319.29,50,159.65,4,2024-07-22,2024,7,22,1,211
82036553,c4e06440-e,4,473.16,30,331.21,3,2024-09-23,2024,9,23,1,120
557f87a5,ceab308d-f,3,261.33,30,182.93,1,2024-04-23,2024,4,23,5,153
1b3596a1,fda392f9-d,4,332.48,5,315.86,4,2024-09-17,2024,9,17,5,71
7f9c9f2c,64049319-8,2,180.06,5,171.06,2,2024-03-20,2024,3,20,6,102
4fd21482,494800ef-2,4,478.62,5,454.69,0,2024-03-09,2024,3,9,2,43
e8613d9e,2ac7fc27-9,5,391.77,30,274.24,4,2024-05-23,2024,5,23,4,126
2753195e,2a34ede3-a,0,194.6,50,97.3,4,2024-11-19,2024,11,19,5,281
4aefa8a6,93f6ad6c-3,3,145.56,50,72.78,0,2024-02-20,2024,2,20,5,241
d9b16d55,f6ffdeea-1,6,149.93,0,149.93,4,2024-02-10,2024,2,10,2,92
6908d999,cbeb110c-d,1,197.26,20,157.81,0,2024-06-03,2024,6,3,1,154
4be691f6,758e3cf5-d,1,125.47,15,106.65,0,2024-09-22,2024,9,22,3,152
13d4dd27,c8304287-0,5,221.24,0,221.24,3,2024-01-04,2024,1,4,4,71
155fe399,b3684052-7,2,421.76,50,210.88,1,2024-03-21,2024,3,21,4,190
8ebce110,f9c3cc85-b,5,342.6,20,274.08,3,2024-02-04,2024,2,4,3,115
257af577,4d81096c-a,0,380.5,25,285.38,4,2024-08-07,2024,8,7,6,134
57dcfe4f,96a4eeb1-a,3,435.45,0,435.45,1,2024-01-14,2024,1,14,3,31
8c2e9d07,d45a02f8-3,1,255.26,25,191.44,3,2024-11-03,2024,11,3,3,182
b1466009,1ac7fcaa-4,5,142.92,25,107.19,3,2024-08-24,2024,8,24,2,166
449c33f0,0ae87429-2,3,203.54,25,152.66,4,2024-03-12,2024,3,12,5,151
48091eea,8baecb87-6,3,71.16,0,71.16,3,2024-08-01,2024,8,1,4,107
b857395f,56534cf5-a,1,484.89,20,387.91,1,2024-05-01,2024,5,1,6,88
cd23f9b3,891369e6-3,4,431.84,10,388.66,1,2024-07-18,2024,7,18,4,63
50483cad,1859fc40-2,1,236.16,15,200.74,3,2024-02-29,2024,2,29,4,125
2a238fbc,eb398faf-6,3,319.55,25,239.66,4,2024-09-21,2024,9,21,2,126
dc5e478b,4da1fb5d-d,2,132.67,15,112.77,0,2024-10-20,2024,10,20,3,169
b24bd3b7,dfc784ec-d,6,112.35,5,106.73,1,2024-02-22,2024,2,22,4,115
26503871,69843943-b,1,170.5,10,153.45,0,2024-10-22,2024,10,22,5,153
065012c5,a4353860-7,3,287.69,10,258.92,4,2024-02-13,2024,2,13,5,90
d312906a,11d34f7e-2,6,216.75,0,216.75,4,2024-05-28,2024,5,28,5,76
5136adde,df7930b9-d,3,37.79,10,34.01,3,2024-05-08,2024,5,8,6,139
d0e8803c,4ac6af27-a,1,100.23,50,50.12,3,2024-05-31,2024,5,31,0,259
1962082e,273017e8-2,0,453.66,0,453.66,0,2024-07-29,2024,7,29,1,50
b753077b,93235dc9-9,6,401.54,10,361.39,2,2024-09-14,2024,9,14,2,74
8ce64055,37a661c4-a,0,442.41,15,376.05,2,2024-03-19,2024,3,19,5,100
101938a5,c4f71922-a,3,224.56,50,112.28,0,2024-10-19,2024,10,19,2,259
292307da,e740000e-2,2,435.97,15,370.57,4,2024-08-18,2024,8,18,3,74
b805a15f,35efff39-b,3,398.25,15,338.51,3,2024-04-05,2024,4,5,0,86
fbef474d,63c30b65-a,6,262.8,0,262.8,1,2024-03-18,2024,3,18,1,64
dcaca6db,06fff043-4,4,257.67,0,257.67,2,2024-11-04,2024,11,4,1,94
7a7d8d61,eba5c94a-6,6,410.07,50,205.03,0,2024-09-05,2024,9,5,4,191
34e04e99,39c7b618-6,6,51.33,20,41.06,1,2024-09-08,2024,9,8,3,167
b2eb65f3,76ca9c3c-c,0,28.77,10,25.89,2,2024-09-06,2024,9,6,0,166
861f12bb,268b335a-8,2,130.27,20,104.22,0,2024-04-18,2024,4,18,4,156
f1c5f192,8164e79d-1,0,113.72,50,56.86,4,2024-11-01,2024,11,1,0,298
de8c7e00,a2f99d43-c,0,306.77,50,153.38,3,2024-06-01,2024,6,1,2,223
79b8569c,d36a344e-f,4,68.53,0,68.53,2,2024-10-21,2024,10,21,1,133
a5ed8855,92411baa-e,3,186.96,20,149.57,1,2024-08-06,2024,8,6,5,145
c2f278b8,ed268cfc-4,5,496.79,5,471.95,1,2024-05-10,2024,5,10,0,30
f9e89622,6390f2ea-8,1,479.63,0,479.63,4,2024-04-12,2024,4,12,0,37
c9aee337,7cbf22f9-2,5,235.86,20,188.69,3,2024-10-31,2024,10,31,4,164
eb72f968,85842870-7,0,74.55,30,52.18,0,2024-07-23,2024,7,23,5,210
6e91de44,28ca7dce-f,4,269.25,30,188.47,4,2024-10-09,2024,10,9,6,186
f581d1f7,30ff2cd8-5,1,66.37,25,49.78,0,2024-09-09,2024,9,9,1,190
a9f8e515,579ede7a-c,6,122.84,5,116.7,4,2024-04-26,2024,4,26,0,110
bb542976,b6add811-e,3,209.68,5,199.2,0,2024-04-28,2024,4,28,3,97
028809d1,e59dd1ef-7,4,243.62,20,194.9,1,2024-07-13,2024,7,13,2,130
8b660196,594121e8-4,5,421.25,25,315.94,0,2024-04-16,2024,4,16,5,110
5516b600,4aa17ee2-e,0,281.6,50,140.8,3,2024-04-29,2024,4,29,1,232
77c9aa5b,d001ebc6-5,2,355.16,10,319.64,4,2024-04-28,2024,4,28,3,83
d1dd56ce,f474b729-5,2,172.78,5,164.14,2,2024-06-01,2024,6,1,2,99
8b67d82f,0412d7ff-f,3,96.27,30,67.39,1,2024-09-23,2024,9,23,1,188
55ade9bd,41f528fa-5,5,286.09,10,257.48,0,2024-09-12,2024,9,12,4,89
70536778,ef18627c-6,4,407.47,30,285.23,1,2024-10-05,2024,10,5,2,155
98cb1265,8029a89d-b,2,230.18,10,207.16,3,2024-10-26,2024,10,26,2,131
db0be3ef,158fd3b5-2,4,473.05,50,236.53,3,2024-08-23,2024,8,23,0,178
b4fffe29,a52fdf17-b,2,126.42,5,120.1,3,2024-01-31,2024,1,31,6,105
9f8bb54c,ad642b46-7,3,357.02,5,339.17,1,2024-02-11,2024,2,11,3,66
03aa0d65,dbebaa55-4,4,114.6,5,108.87,0,2024-10-26,2024,10,26,2,137
2589f4a9,e1afb191-5,0,483.93,50,241.97,2,2024-09-10,2024,9,10,5,188
dbea38e1,1fe67292-0,3,410.02,30,287.01,3,2024-03-29,2024,3,29,0,126
f6207bb8,793480ee-d,4,39.29,15,33.4,1,2024-09-22,2024,9,22,3,157
20603af4,3b3acd49-f,4,143.25,20,114.6,4,2024-07-15,2024,7,15,1,151
222d2020,c5a964e5-1,5,487.54,50,243.77,3,2024-04-14,2024,4,14,3,169
1f5cc3ae,0c4145bc-8,6,84.34,50,42.17,3,2024-08-20,2024,8,20,5,254
86b387f6,98eb0ae1-e,3,83.69,10,75.32,4,2024-05-05,2024,5,5,3,136
7b339542,32f4abf1-e,3,412.56,50,206.28,3,2024-06-16,2024,6,16,3,192
b1b2edb7,ac13377e-b,6,83.48,50,41.74,3,2024-03-04,2024,3,4,1,257
c6d36874,46b7b3a3-0,2,422.69,20,338.15,3,2024-04-28,2024,4,28,3,97
fb1b3d3f,df1e3f0d-5,6,110.52,20,88.42,1,2024-10-04,2024,10,4,0,187
a3ffda9b,347bc94b-6,3,307.25,10,276.53,0,2024-10-23,2024,10,23,6,120
e47fbc15,176b24ce-d,1,83.16,0,83.16,3,2024-04-24,2024,4,24,6,112
48d6fb7f,bc2a8a1a-0,0,33.33,10,30.0,1,2024-11-17,2024,11,17,3,195
c9aec1e2,1587d0c4-b,1,96.23,20,76.98,2,2024-07-19,2024,7,19,0,174
52a3c1ff,2a339668-e,2,246.49,15,209.52,4,2024-08-28,2024,8,28,6,113
3937299c,afd38630-0,1,414.86,50,207.43,3,2024-04-24,2024,4,24,6,201
d8d9cf8b,33d1d69e-5,3,87.2,5,82.84,4,2024-10-15,2024,10,15,5,149
8d992fcd,d86c4787-2,3,15.67,5,14.89,3,2024-01-10,2024,1,10,6,135
eccbc70c,c8ee38d3-1,0,396.59,15,337.1,2,2024-05-17,2024,5,17,0,101
e1e7e360,380bf7e8-2,1,64.47,15,54.8,3,2024-09-18,2024,9,18,6,161
af47fc4e,a7e4d8b4-9,1,364.19,10,327.77,3,2024-05-01,2024,5,1,6,90
03eadaf0,74a43ff7-2,0,265.86,15,225.98,3,2024-10-14,2024,10,14,1,159
a61e1a8f,4cc35f1a-1,2,202.03,25,151.52,3,2024-08-19,2024,8,19,1,159
9c7914f5,7c011ded-7,6,340.26,5,323.25,3,2024-01-09,2024,1,9,5,66
e452c507,a6326e35-d,2,84.13,30,58.89,1,2024-04-27,2024,4,27,2,188
b90a8b2c,05c97ccd-6,4,72.96,5,69.31,1,2024-08-27,2024,8,27,5,123
acba07dd,e10f1782-1,4,412.27,20,329.82,4,2024-08-21,2024,8,21,6,92
dbf58ab7,90ea4fe6-d,3,16.08,30,11.26,1,2024-03-15,2024,3,15,0,205
83976e33,b7e948d3-5,0,13.43,10,12.09,1,2024-03-31,2024,3,31,3,165
7ab838a2,7f6906b4-0,5,375.79,30,263.05,0,2024-04-05,2024,4,5,0,131
ac98d8ba,a8594906-d,1,184.8,30,129.36,2,2024-10-01,2024,10,1,5,213
d7c5fdbb,bea3dc50-a,6,15.56,10,14.0,2,2024-01-24,2024,1,24,6,142
1a6c5c08,a6166130-b,5,197.79,30,138.45,4,2024-02-18,2024,2,18,3,167
d817723a,581a41f1-b,1,175.77,25,131.83,1,2024-05-13,2024,5,13,1,168
88c35a80,b28c2240-7,0,174.56,0,174.56,1,2024-09-24,2024,9,24,5,108
e6e322f8,6f0fcbd8-e,0,279.38,20,223.5,3,2024-02-24,2024,2,24,2,140
d0138d14,e101ab76-7,2,129.52,25,97.14,0,2024-11-08,2024,11,8,0,203
9ea9ff00,2c1cd7b8-c,2,125.93,20,100.74,3,2024-06-14,2024,6,14,0,156
e733dc52,57b27e03-4,1,78.34,25,58.76,3,2024-06-09,2024,6,9,3,185
d7329afe,eb0596ff-1,5,23.85,20,19.08,0,2024-10-10,2024,10,10,4,210
c0811288,4913cc97-2,4,209.44,15,178.02,1,2024-02-21,2024,2,21,6,122
7c5e50fe,bb6469a8-e,3,291.97,15,248.17,2,2024-02-06,2024,2,6,5,107
29b3c37a,fda470b8-1,3,401.11,5,381.05,3,2024-08-29,2024,8,29,4,56
f8d08b85,0b4350eb-5,1,335.49,0,335.49,3,2024-09-18,2024,9,18,6,57
36848d01,d8f3686a-3,2,58.24,50,29.12,1,2024-01-07,2024,1,7,3,258
b96be743,30b35209-e,6,164.37,30,115.06,3,2024-02-18,2024,2,18,3,172
9f5fd63c,c29aa4a8-f,0,99.36,5,94.39,3,2024-08-16,2024,8,16,0,131
812fe840,5e9900af-f,5,351.99,10,316.79,3,2024-09-17,2024,9,17,5,74
d42bcbcb,676d7645-b,1,365.39,5,347.12,1,2024-07-15,2024,7,15,1,76
52516742,ba8a075e-b,6,12.32,10,11.09,0,2024-01-22,2024,1,22,1,146
27e9dd51,a9cf9e47-1,5,355.88,5,338.09,4,2024-01-22,2024,1,22,1,67
5e956744,84478b2a-7,0,462.7,15,393.29,2,2024-09-25,2024,9,25,6,95
8a35a896,f3fa141b-a,2,308.66,5,293.23,4,2024-10-25,2024,10,25,0,103
3c499277,3316625a-a,5,155.2,30,108.64,1,2024-05-03,2024,5,3,0,183
799f099f,329af66f-e,0,143.63,25,107.72,2,2024-01-16,2024,1,16,5,191
9aec0029,efd0a0a2-6,2,23.78,5,22.59,3,2024-04-29,2024,4,29,1,125
45ae61a8,d474e7e9-2,3,365.38,50,182.69,4,2024-08-02,2024,8,2,0,191
7ced0b56,4b0562d6-6,5,156.89,50,78.44,4,2024-08-02,2024,8,2,0,234
47a50dbd,2ab12e1b-6,1,429.37,50,214.69,1,2024-10-31,2024,10,31,4,227
01c083f3,ef5c107c-f,4,197.66,15,168.01,4,2024-10-04,2024,10,4,0,152
e077268b,0bb5397d-8,0,167.31,20,133.85,0,2024-01-10,2024,1,10,6,161
470c391e,868803c9-8,6,494.3,20,395.44,0,2024-01-12,2024,1,12,0,80
451cdc5b,f6a07190-8,4,115.09,10,103.58,2,2024-08-16,2024,8,16,0,127
a48689fb,51393037-0,5,140.42,0,140.42,0,2024-05-28,2024,5,28,5,91
8f4a3a26,4c529cb5-6,4,263.55,50,131.78,2,2024-11-10,2024,11,10,3,242
3f62d926,581977ad-e,4,23.62,15,20.08,4,2024-04-22,2024,4,22,1,159
f7cd3439,05a68613-e,2,181.26,50,90.63,0,2024-06-26,2024,6,26,6,232
1699a74b,38210005-e,1,389.82,25,292.37,4,2024-08-25,2024,8,25,3,127
784fd769,a1ca6a6d-5,5,347.3,0,347.3,4,2024-07-10,2024,7,10,6,47
a6c5b4a7,7b2f61cf-4,1,73.29,0,73.29,4,2024-09-01,2024,9,1,3,114
8e379422,468994c4-8,3,308.09,0,308.09,1,2024-03-11,2024,3,11,1,59
7fc7c936,7cb9f116-e,2,341.04,10,306.94,2,2024-01-10,2024,1,10,6,80
1c98d9cb,9bba74d0-a,2,268.87,10,241.98,2,2024-09-09,2024,9,9,1,95
4e6186ba,1d561c87-f,3,30.54,25,22.91,2,2024-05-04,2024,5,4,2,187
2e1fecb3,3b16bf75-a,6,326.97,20,261.58,1,2024-05-24,2024,5,24,0,118
96af0aa4,aa8da6fc-a,5,143.47,25,107.6,2,2024-06-07,2024,6,7,0,170
99caeb2a,576781f7-3,1,243.15,50,121.58,2,2024-10-15,2024,10,15,5,258
48d36506,6eb3c1f2-9,4,422.47,15,359.1,2,2024-10-27,2024,10,27,3,105
577a37c4,17546bcb-2,1,243.06,10,218.75,4,2024-08-03,2024,8,3,2,110
bba4c3f8,bb5744d0-b,4,179.92,25,134.94,3,2024-01-07,2024,1,7,3,162
8814e19d,f254b403-8,1,95.75,5,90.96,4,2024-05-10,2024,5,10,0,120
e08353ad,842dd0ce-5,3,398.4,10,358.56,2,2024-06-10,2024,6,10,1,67
6e583aa2,8300126f-c,6,447.35,0,447.35,3,2024-05-13,2024,5,13,1,28
cd315692,2a4a8474-e,4,481.84,5,457.75,4,2024-08-29,2024,8,29,4,33
f01ebb7e,524bb820-b,6,112.69,15,95.79,1,2024-03-13,2024,3,13,6,137
db220edd,d9daf14f-5,3,466.59,50,233.29,3,2024-04-19,2024,4,19,0,178
d4184040,68912f50-f,6,37.83,5,35.94,1,2024-10-12,2024,10,12,2,153
60b3a0d1,95991863-9,0,197.76,0,197.76,2,2024-10-28,2024,10,28,1,132
077651c7,fb79fc41-8,5,308.9,30,216.23,0,2024-04-14,2024,4,14,3,149
7ce9d2ad,203a42f4-5,4,169.15,0,169.15,2,2024-03-17,2024,3,17,3,90
b9fba9b9,c42c9409-d,5,220.98,30,154.69,3,2024-05-23,2024,5,23,4,169
82dd0dcb,0c0daeec-a,4,218.58,5,207.65,2,2024-08-06,2024,8,6,5,87
ac83afcb,84d390d3-6,2,259.42,20,207.54,0,2024-04-05,2024,4,5,0,128
20838914,118c14a6-4,6,369.33,5,350.86,4,2024-06-30,2024,6,30,3,61
2d4ac994,1a38d99a-4,3,424.82,50,212.41,0,2024-01-31,2024,1,31,6,182
b4f1a440,f5f63eca-8,5,426.82,20,341.46,1,2024-03-29,2024,3,29,0,99
50d80b4e,ef1c4943-2,2,50.89,20,40.71,1,2024-06-20,2024,6,20,4,165
ca8ce9be,b2240a4c-f,6,362.6,20,290.08,0,2024-05-17,2024,5,17,0,102
2ce28bf9,5284add4-d,2,150.55,25,112.91,0,2024-01-15,2024,1,15,1,164
2d6ba8ae,9150cb0b-4,0,48.18,50,24.09,0,2024-10-01,2024,10,1,5,309
e4637540,13ac4c2d-9,0,138.64,20,110.91,1,2024-10-08,2024,10,8,5,207
40d1379a,6acf0b33-c,3,274.22,25,205.67,3,2024-03-19,2024,3,19,5,143
23921511,d13af207-3,0,327.53,30,229.27,1,2024-02-01,2024,2,1,4,159
c1022ceb,6087024c-4,2,477.1,15,405.54,0,2024-11-16,2024,11,16,2,100
dfa876d1,4361fa36-a,0,213.97,50,106.98,4,2024-10-25,2024,10,25,0,276
268cf1de,cb7f85a2-c,5,305.91,20,244.73,2,2024-09-11,2024,9,11,6,117
cf9beee8,d1231bbf-f,1,109.77,10,98.79,1,2024-11-16,2024,11,16,2,164
ac0a5a11,ac5c0b1b-5,0,42.93,0,42.93,4,2024-11-04,2024,11,4,1,166
9e6874ab,e3fbbb68-6,1,387.69,25,290.77,3,2024-09-19,2024,9,19,4,124
68dfdbfb,1b1beeb3-3,5,64.68,30,45.28,1,2024-07-14,2024,7,14,3,198
f747c9ed,e2579884-9,4,55.0,15,46.75,4,2024-10-11,2024,10,11,0,184
c640c4ac,7c632a2e-c,6,261.36,10,235.22,1,2024-07-23,2024,7,23,5,93
e5a5e18d,3fffb302-7,4,415.54,10,373.99,0,2024-03-05,2024,3,5,5,66
6839399d,0d81cb5b-8,5,291.5,25,218.62,3,2024-08-18,2024,8,18,3,132
4e4016fc,887204fc-0,1,56.4,5,53.58,2,2024-08-30,2024,8,30,0,129
1117a729,166a45a2-c,6,63.96,5,60.76,4,2024-09-15,2024,9,15,3,118
3c3c8f20,567355fa-3,4,246.62,0,246.62,2,2024-05-31,2024,5,31,0,75
e207d13a,2d4ef699-f,1,61.7,5,58.62,4,2024-02-24,2024,2,24,2,129
77809d5c,5e93104b-a,1,434.51,15,369.33,1,2024-07-15,2024,7,15,1,84
3b12089e,00fcb9c0-8,2,350.78,10,315.7,2,2024-06-24,2024,6,24,1,77
22b16d50,ec4cfda5-5,1,137.81,10,124.03,2,2024-10-27,2024,10,27,3,165
fdadd527,cc021b5e-8,0,18.74,5,17.8,2,2024-09-19,2024,9,19,4,151
31c5ddc8,10e8a4f7-b,6,457.22,5,434.36,3,2024-10-02,2024,10,2,6,68
46ce5341,2c91e42a-6,6,233.57,0,233.57,0,2024-08-18,2024,8,18,3,75
8db52810,5978f0ff-1,3,136.96,25,102.72,4,2024-10-31,2024,10,31,4,198
b370acb7,7e336240-1,2,440.6,25,330.45,4,2024-05-02,2024,5,2,4,110
25a0d325,e526dc06-e,3,267.99,5,254.59,0,2024-11-03,2024,11,3,3,108
b505dce0,6d1515e6-3,0,80.57,25,60.43,3,2024-04-28,2024,4,28,3,193
ffb59cb8,22678cd9-e,5,417.36,0,417.36,0,2024-02-14,2024,2,14,6,35
125e7014,9aaae28d-d,3,294.52,10,265.07,3,2024-01-24,2024,1,24,6,89
3bb0a7a9,6cfb4a90-6,5,375.0,20,300.0,4,2024-03-03,2024,3,3,3,109
060cf692,fa76eccc-7,5,60.63,25,45.47,4,2024-03-21,2024,3,21,4,184
00812bf1,c0d8e8ab-4,2,214.26,10,192.83,0,2024-01-24,2024,1,24,6,102
bebeda1a,84b8e40f-6,4,131.08,50,65.54,3,2024-04-22,2024,4,22,1,247
661c6fad,a123f1a2-e,2,395.41,10,355.87,0,2024-08-13,2024,8,13,5,65
c7fbbb37,bc32e509-c,3,477.0,25,357.75,1,2024-07-29,2024,7,29,1,97
22d2eefa,cacf1f1e-3,3,314.34,50,157.17,1,2024-03-12,2024,3,12,5,209
9d02cd04,0c58c336-9,2,232.51,20,186.01,2,2024-02-15,2024,2,15,4,132
315b7094,5c0ef37f-2,1,306.61,20,245.29,3,2024-05-03,2024,5,3,0,124
efaf3f1e,a4399143-2,0,271.74,30,190.22,0,2024-03-23,2024,3,23,2,175
14a4d873,7ba3966b-5,5,363.52,30,254.46,3,2024-02-08,2024,2,8,4,136
c44db413,e1224f77-9,3,304.33,50,152.16,1,2024-01-01,2024,1,1,1,205
288cd987,4f25c1c1-a,0,403.2,10,362.88,2,2024-01-20,2024,1,20,2,94
82db2175,30571c6b-a,3,317.23,30,222.06,4,2024-06-19,2024,6,19,6,151
038db720,e7b4c53e-1,4,325.63,50,162.81,2,2024-04-14,2024,4,14,3,209
c502b838,ad74ed86-b,3,443.94,5,421.74,0,2024-05-11,2024,5,11,2,43
c0f8e7f5,7fdb1426-8,1,105.16,5,99.9,3,2024-08-27,2024,8,27,5,126
aa91713c,26488257-8,4,95.11,20,76.09,0,2024-09-21,2024,9,21,2,161
b914b76f,0ab77e86-e,6,231.11,20,184.89,4,2024-11-13,2024,11,13,6,164
48cd8d57,9d8e1e52-1,4,89.92,50,44.96,3,2024-01-23,2024,1,23,5,257
495bd9f4,1d77c7af-3,4,293.2,50,146.6,3,2024-02-16,2024,2,16,0,211
f33c5a33,4116b831-2,3,171.28,30,119.9,2,2024-10-30,2024,10,30,6,207
b17a752f,f0ed22c9-3,0,476.57,5,452.74,1,2024-09-23,2024,9,23,1,57
e54968ff,b82fe130-6,5,323.84,30,226.69,2,2024-02-16,2024,2,16,0,147
cdeb4b21,1f12847c-d,5,430.99,30,301.69,1,2024-07-15,2024,7,15,1,121
0a89bdec,53b4de6e-9,4,74.43,15,63.27,0,2024-02-27,2024,2,27,5,152
c729f44a,dc45d710-7,2,390.11,0,390.11,3,2024-03-24,2024,3,24,3,44
b74485f8,abd19d27-0,0,311.55,25,233.66,1,2024-01-07,2024,1,7,3,149
a687c77e,b709f015-d,6,136.17,10,122.55,3,2024-06-15,2024,6,15,2,119
0c36392d,1856f48e-9,0,290.57,5,276.04,0,2024-11-06,2024,11,6,6,131
c4486290,30c6766f-3,0,465.37,50,232.69,1,2024-09-04,2024,9,4,6,192
4fdb0ac1,e5167a38-0,4,98.93,0,98.93,4,2024-10-30,2024,10,30,6,134
81c869a4,39394899-d,5,468.2,10,421.38,1,2024-11-09,2024,11,9,2,83
d0d5cc3f,c5b6f5f8-7,1,146.93,20,117.54,2,2024-10-10,2024,10,10,4,187
543db6cb,047680b7-4,6,481.22,5,457.16,2,2024-11-05,2024,11,5,5,67
45f3661b,962ce4b9-9,4,51.83,50,25.91,2,2024-10-11,2024,10,11,0,288
a495b1c7,38515136-8,1,221.27,30,154.89,0,2024-08-09,2024,8,9,0,171
514c5365,f8a7b3cb-a,2,39.97,20,31.98,0,2024-06-11,2024,6,11,5,176
e0d4ca51,1cb6afbc-4,0,219.61,15,186.67,3,2024-03-20,2024,3,20,6,141
927e4946,326dc1f5-9,5,153.68,25,115.26,4,2024-07-21,2024,7,21,3,163
b153ddb0,2c0caa2e-4,2,393.56,25,295.17,3,2024-07-21,2024,7,21,3,116
6e218819,bade74aa-4,2,27.49,20,21.99,3,2024-05-02,2024,5,2,4,169
90c1895c,e797ba11-c,4,279.28,5,265.32,1,2024-06-02,2024,6,2,3,78
dd8674d1,9a56685d-c,3,77.45,20,61.96,0,2024-05-14,2024,5,14,5,167
5930f5c1,8dff29eb-7,5,226.49,10,203.84,2,2024-10-04,2024,10,4,0,138
6fc35e9b,0a39406a-e,0,111.14,0,111.14,0,2024-03-28,2024,3,28,4,113
41ea1235,21918b6b-3,5,323.64,50,161.82,2,2024-02-05,2024,2,5,1,200
932cdbdb,52f65655-f,1,235.75,20,188.6,0,2024-08-08,2024,8,8,4,146
e1310511,cad3fdda-e,4,40.1,5,38.09,0,2024-01-04,2024,1,4,4,131
574e5f84,183ca096-f,4,379.07,20,303.26,3,2024-10-03,2024,10,3,4,137
7fb26e2e,6b5e75a3-9,3,25.28,5,24.02,3,2024-08-30,2024,8,30,0,133
a03903f5,3ed75263-6,6,340.18,20,272.14,0,2024-02-05,2024,2,5,1,114
8c8a9c64,284503ec-c,4,10.37,5,9.85,1,2024-10-16,2024,10,16,6,165
257a8ce9,41e93c18-6,2,334.28,30,234.0,1,2024-03-07,2024,3,7,4,143
2fb02560,e8883132-5,0,160.13,15,136.11,4,2024-01-27,2024,1,27,2,154
de1d3a1e,3a7449b5-2,5,223.01,25,167.26,4,2024-09-10,2024,9,10,5,155
3b240cf4,a9f02f8c-1,2,330.76,10,297.68,2,2024-11-11,2024,11,11,1,108
55f14e41,620721a3-e,5,345.47,25,259.1,0,2024-01-29,2024,1,29,1,129
99e8f646,0dc1a84f-d,1,404.19,15,343.56,3,2024-02-28,2024,2,28,6,92
1d2c993f,d332a849-4,2,328.44,10,295.6,1,2024-09-28,2024,9,28,2,79
8487fbc7,60fcaed7-7,1,152.84,5,145.2,0,2024-04-25,2024,4,25,4,116
793fa422,a0441877-3,5,353.96,10,318.56,0,2024-05-31,2024,5,31,0,74
d4104c7b,cc8b1c23-2,2,151.55,10,136.4,3,2024-11-13,2024,11,13,6,146
8b100551,f2c895cb-2,2,412.92,50,206.46,0,2024-03-07,2024,3,7,4,185
c292a2d7,598596a4-7,2,326.52,10,293.87,0,2024-03-02,2024,3,2,2,86
129e1ecd,86885061-1,3,198.45,25,148.84,0,2024-05-23,2024,5,23,4,155
83ec11b2,9bf78c9a-3,3,132.31,10,119.08,1,2024-10-18,2024,10,18,0,157
f94d89b9,e54a25c2-4,3,359.46,50,179.73,2,2024-02-23,2024,2,23,0,199
6ac71d68,cf29c7a3-8,1,466.36,25,349.77,4,2024-09-13,2024,9,13,0,113
a6c1a28f,c6347235-0,0,368.62,25,276.47,2,2024-03-20,2024,3,20,6,137
03632dc7,3c9a3ef2-d,4,374.41,20,299.53,2,2024-06-27,2024,6,27,4,109
180900bc,1f31c5f9-6,3,408.46,50,204.23,4,2024-10-30,2024,10,30,6,223
473dac31,95199ded-8,6,252.68,0,252.68,4,2024-08-13,2024,8,13,5,71
e878819f,9463ea85-8,1,302.72,50,151.36,4,2024-10-07,2024,10,7,1,246
247db661,4efbd6fd-1,3,335.31,25,251.48,3,2024-09-13,2024,9,13,0,128
8a55e87c,fb219753-e,1,253.05,20,202.44,3,2024-05-19,2024,5,19,3,136
bc1ed9fe,d1391498-e,5,482.4,50,241.2,2,2024-04-07,2024,4,7,3,174
925cb565,c95968a6-3,0,384.44,10,346.0,4,2024-09-16,2024,9,16,1,98
54f1cc93,63955182-b,6,340.43,30,238.3,0,2024-06-01,2024,6,1,2,137
8051cd77,c9b146c9-5,6,323.46,10,291.11,2,2024-07-03,2024,7,3,6,89
8a161e0a,a1878150-1,2,495.35,30,346.75,2,2024-05-15,2024,5,15,6,110
ae7b7c68,fde754b4-1,6,422.7,0,422.7,2,2024-09-20,2024,9,20,0,32
f648e9e7,090337cd-a,1,183.06,30,128.14,0,2024-08-11,2024,8,11,3,180
f508691b,ac287cf7-1,5,439.67,50,219.84,2,2024-05-14,2024,5,14,5,185
30eccf94,18c52147-6,3,40.86,30,28.6,1,2024-07-21,2024,7,21,3,202
616c7917,75aef9df-6,1,131.99,50,66.0,4,2024-09-26,2024,9,26,4,252
cfe50543,cc0cd40a-a,2,264.43,0,264.43,4,2024-02-11,2024,2,11,3,71
fd4c3384,2cfa9ec7-0,5,152.63,30,106.84,2,2024-07-16,2024,7,16,5,180
3b05ed95,f9ab318b-7,6,435.67,0,435.67,2,2024-11-05,2024,11,5,5,65
afc46410,9a5add4e-2,1,458.34,0,458.34,4,2024-10-21,2024,10,21,1,63
d8e74ba4,a5155b7e-c,3,201.3,5,191.24,3,2024-03-19,2024,3,19,5,95
aaab560b,c8124e78-4,6,221.53,30,155.07,4,2024-10-16,2024,10,16,6,195
117c47ed,5c0b6596-f,5,475.5,10,427.95,0,2024-11-07,2024,11,7,4,88
7c62af29,aaf35eae-2,0,293.84,15,249.76,4,2024-09-04,2024,9,4,6,129
c6bd342a,25cd002f-e,5,367.27,25,275.45,4,2024-08-21,2024,8,21,6,116
fc5078d2,86dccec4-a,0,89.92,25,67.44,1,2024-08-09,2024,8,9,0,195
3f4a4d51,25c1502c-f,3,422.91,10,380.62,2,2024-04-28,2024,4,28,3,68
fdf2e60c,e0d5b83a-3,3,276.94,50,138.47,1,2024-06-08,2024,6,8,2,212
7d0b041c,788e7cc6-6,4,408.28,25,306.21,4,2024-07-23,2024,7,23,5,117
0b37db24,33036bf9-b,3,146.46,5,139.14,3,2024-07-14,2024,7,14,3,102
99f7c009,1518f397-4,4,389.59,10,350.63,1,2024-08-08,2024,8,8,4,75
2c3663ad,0faf569e-1,3,273.61,30,191.53,4,2024-02-02,2024,2,2,0,151
0639e3bd,ae145df8-8,5,373.25,10,335.93,1,2024-04-16,2024,4,16,5,73
9488464d,1a48d1a4-7,4,120.24,30,84.17,1,2024-08-31,2024,8,31,2,185
f1cc2d2c,1eda0f3c-9,5,195.46,0,195.46,4,2024-06-28,2024,6,28,0,76
fd0e68a4,075c7e1a-a,5,18.99,5,18.04,2,2024-04-04,2024,4,4,4,133
f25a81cc,a526d0bf-9,1,124.31,50,62.16,4,2024-06-19,2024,6,19,6,257
3a2348ca,979b12da-c,2,233.95,10,210.56,0,2024-08-09,2024,8,9,0,98
345947ca,6a9280ea-2,6,291.38,10,262.24,2,2024-09-13,2024,9,13,0,88
df026444,87c9f24f-8,3,108.86,5,103.42,2,2024-10-21,2024,10,21,1,147
2e20a6a6,5655eb89-5,0,201.42,20,161.14,4,2024-05-28,2024,5,28,5,162
8e00f191,d767d45d-a,4,129.48,15,110.06,1,2024-11-19,2024,11,19,5,168
451f1008,e8d4ff23-6,0,475.59,20,380.47,3,2024-10-14,2024,10,14,1,134
b32cee07,b8375129-c,5,471.4,30,329.98,2,2024-08-31,2024,8,31,2,113
fda2a523,8a2d7d67-b,1,279.07,10,251.16,2,2024-03-03,2024,3,3,3,108
0d06b10b,f2dc543b-9,4,373.45,30,261.41,1,2024-02-29,2024,2,29,4,131
34cb1abe,fa44d09d-5,2,89.77,10,80.79,1,2024-09-14,2024,9,14,2,137
7be14799,b7a796cd-a,5,102.51,20,82.01,0,2024-02-17,2024,2,17,2,161
45ea58e2,dcb6da7a-7,5,246.87,10,222.18,4,2024-08-09,2024,8,9,0,105
89bb6db8,cec7eb10-1,5,163.15,5,154.99,4,2024-05-24,2024,5,24,0,102
6a796b7c,e716451f-f,1,221.52,30,155.06,0,2024-11-08,2024,11,8,0,204
aa6c6d33,7ef9e09f-b,3,411.81,5,391.22,0,2024-05-09,2024,5,9,4,55
3eb4bfdf,602bb15e-4,2,466.18,0,466.18,4,2024-02-09,2024,2,9,0,21
d6e39245,c534d5aa-5,6,446.49,50,223.25,3,2024-06-23,2024,6,23,3,179
d95237bb,bfc775a1-a,0,259.36,5,246.39,4,2024-04-22,2024,4,22,1,103
d2e8696a,2fd1ffe3-1,2,261.74,30,183.22,0,2024-09-24,2024,9,24,5,156
bc5c85a5,f9c10c74-8,0,226.02,5,214.72,3,2024-02-23,2024,2,23,0,109
18611bb6,136578f7-6,3,149.94,20,119.95,4,2024-08-21,2024,8,21,6,150
c70d89cf,706a6f3e-9,1,44.18,30,30.93,0,2024-02-11,2024,2,11,3,212
e5c11c0b,581fab2b-a,3,94.83,0,94.83,1,2024-07-19,2024,7,19,0,99
69467b7d,c7008243-5,5,313.21,30,219.25,2,2024-11-11,2024,11,11,1,182
028173ef,4efe9fdd-5,2,249.86,50,124.93,2,2024-08-18,2024,8,18,3,222
8bb4ff21,e4e13f0f-d,5,250.31,50,125.16,1,2024-04-08,2024,4,8,1,220
e8a90aab,a6212e2e-a,5,330.56,15,280.98,3,2024-04-11,2024,4,11,4,101
8db7dbb7,a28d5119-1,2,377.06,5,358.21,1,2024-08-11,2024,8,11,3,60
226d02cd,78ba3547-b,6,337.91,5,321.01,3,2024-05-03,2024,5,3,0,64
ff94d6ab,8243d88e-e,6,52.16,10,46.94,0,2024-02-25,2024,2,25,3,136
d20005d8,8f3a5380-9,6,95.61,30,66.93,0,2024-08-11,2024,8,11,3,192
7594c248,04284bd4-a,5,155.98,20,124.78,1,2024-05-14,2024,5,14,5,147
977da8a4,6d626cf9-1,3,18.56,15,15.78,0,2024-10-20,2024,10,20,3,189
1fd91234,66f17216-a,3,26.86,15,22.83,2,2024-10-22,2024,10,22,5,191
d7118880,8264844a-e,4,202.35,30,141.64,4,2024-06-21,2024,6,21,0,169
9c5742f5,ad1f054b-2,3,263.22,15,223.74,2,2024-08-22,2024,8,22,4,108
d5a74f3f,3d5fe14e-1,2,298.79,15,253.97,2,2024-03-03,2024,3,3,3,103
a3185b29,27fb556a-3,2,457.07,0,457.07,0,2024-01-17,2024,1,17,6,33
64272d22,38362f6f-1,3,442.46,0,442.46,3,2024-11-05,2024,11,5,5,59
b3659e63,35f1c343-b,3,255.81,50,127.91,1,2024-03-12,2024,3,12,5,218
c3030da8,100f5bd6-3,3,32.89,0,32.89,1,2024-10-08,2024,10,8,5,143
8dc4583b,e23f5984-b,2,251.88,10,226.69,0,2024-01-23,2024,1,23,5,94
d895edc8,85edc59a-c,3,120.68,15,102.58,0,2024-09-09,2024,9,9,1,142
5203df6d,625ff553-e,5,30.21,10,27.19,1,2024-10-10,2024,10,10,4,173
d4c421dd,c3fe6a0a-3,1,246.17,5,233.86,1,2024-08-11,2024,8,11,3,92
f7ad61b4,c1fa2667-b,6,329.85,10,296.87,1,2024-06-25,2024,6,25,5,87
361a60b8,d565ad1e-7,6,437.06,0,437.06,2,2024-07-31,2024,7,31,6,28
1624e787,7e5f9dad-d,4,204.0,5,193.8,0,2024-08-31,2024,8,31,2,99
9f887c1b,91e98516-d,1,207.44,20,165.95,4,2024-02-18,2024,2,18,3,150
3dd55fd2,1d206f3c-3,4,463.6,25,347.7,1,2024-03-16,2024,3,16,2,106
5430451c,769c6a76-6,4,359.03,25,269.27,2,2024-10-15,2024,10,15,5,150
9fd0f47d,9b6c0128-f,1,384.7,15,327.0,2,2024-10-08,2024,10,8,5,127
19dbc60e,d570140f-e,3,298.02,25,223.51,1,2024-05-15,2024,5,15,6,135
e87be34e,c8170aaa-e,2,400.84,10,360.76,1,2024-04-12,2024,4,12,0,73
f1dc18ef,3cd49ea6-1,3,464.71,50,232.35,4,2024-08-03,2024,8,3,2,177
d763b012,fb711bf3-4,0,16.11,15,13.69,0,2024-06-05,2024,6,5,6,179
0645a3b4,135f9af5-5,1,484.74,30,339.32,0,2024-01-18,2024,1,18,4,120
380397f3,43e4b99f-6,6,365.33,5,347.06,1,2024-03-11,2024,3,11,1,59
a91f12d4,317d65ec-f,3,176.01,0,176.01,2,2024-07-09,2024,7,9,5,79
5a02a69f,b44206d3-1,2,464.89,50,232.44,3,2024-10-04,2024,10,4,0,205
d6f46477,f9677a24-6,2,401.8,10,361.62,3,2024-11-20,2024,11,20,6,94
4a370dca,0614e833-2,2,210.96,15,179.32,2,2024-02-15,2024,2,15,4,117
4e3b823e,3c8d5057-5,6,67.54,20,54.03,1,2024-01-09,2024,1,9,5,170
8e6f1de2,624d50b3-3,1,31.73,5,30.14,0,2024-09-29,2024,9,29,3,138
bcb50e14,76d8a34e-b,3,298.26,20,238.61,2,2024-03-04,2024,3,4,1,119
d41d809e,1f2ee9a2-5,5,247.86,20,198.29,4,2024-06-01,2024,6,1,2,135
7b1d4411,03f4ca3b-8,2,362.83,30,253.98,2,2024-04-19,2024,4,19,0,135
cf64defc,e8f069f8-6,1,476.64,50,238.32,0,2024-05-17,2024,5,17,0,189
03560326,d3a6af1a-7,5,388.38,5,368.96,0,2024-02-13,2024,2,13,5,54
fc81d481,19c52cc9-5,5,337.33,15,286.73,4,2024-10-11,2024,10,11,0,122
646238e1,f0767145-7,1,494.14,50,247.07,4,2024-11-05,2024,11,5,5,211
7281a498,101ade60-3,5,455.94,30,319.16,3,2024-03-29,2024,3,29,0,114
4ec6ded9,cb17280c-0,0,221.53,0,221.53,2,2024-08-05,2024,8,5,1,97
a91d9f56,9885fa19-4,1,461.56,20,369.25,3,2024-09-01,2024,9,1,3,101
eaca4fa0,d31d0123-a,3,168.59,20,134.87,1,2024-06-03,2024,6,3,1,145
aafd3769,4cca89d4-4,2,482.74,5,458.6,3,2024-05-30,2024,5,30,4,39
c01d4d47,b3d1ba0f-3,1,200.93,30,140.65,0,2024-02-06,2024,2,6,5,183
4d2cd201,875caa36-1,2,18.84,0,18.84,1,2024-06-17,2024,6,17,1,112
20556324,eb873293-1,4,109.89,15,93.41,4,2024-04-13,2024,4,13,2,145
89166e96,5b444a16-4,3,98.61,0,98.61,3,2024-03-28,2024,3,28,4,96
4458ab6a,4462097e-3,3,459.61,10,413.65,2,2024-06-01,2024,6,1,2,56
b6b38943,e9dd6729-5,3,28.61,10,25.75,2,2024-04-17,2024,4,17,6,139
9a3a5585,82cc06cc-0,6,378.85,20,303.08,4,2024-05-18,2024,5,18,2,103
295576f0,fbe1f8ba-0,0,78.87,5,74.93,2,2024-06-25,2024,6,25,5,142
61f64557,c070b4b6-1,0,362.99,15,308.54,1,2024-07-07,2024,7,7,3,107
7a87f292,6341d191-8,5,198.38,25,148.78,1,2024-03-09,2024,3,9,2,158
8ddb0e80,87e5625f-c,1,471.66,5,448.08,1,2024-06-13,2024,6,13,4,55
dc0f7097,25a9c188-a,2,68.68,30,48.08,4,2024-10-07,2024,10,7,1,228
03f1774a,8adaa913-f,1,289.83,10,260.85,1,2024-06-17,2024,6,17,1,102
1943f27c,46a92f74-2,5,343.43,25,257.57,1,2024-03-10,2024,3,10,3,127
dd9f4e5f,37d88ca0-0,6,196.34,5,186.52,3,2024-03-21,2024,3,21,4,92
882bc61d,c7378104-f,1,183.04,30,128.13,4,2024-05-30,2024,5,30,4,178
3c669dc7,49ed6d0d-8,5,182.28,20,145.82,4,2024-09-09,2024,9,9,1,142
a998be79,46500eae-c,6,329.94,15,280.45,2,2024-07-25,2024,7,25,4,95
92a11c79,d701275e-9,4,50.63,50,25.32,0,2024-05-21,2024,5,21,5,258
06451796,584a7808-7,5,40.61,30,28.43,2,2024-09-20,2024,9,20,0,203
a94110ca,79a38003-0,4,73.19,30,51.23,0,2024-06-15,2024,6,15,2,200
2ba824ee,868c12ec-1,3,140.84,25,105.63,4,2024-03-04,2024,3,4,1,169
bac1284d,4d8fc1fb-3,2,460.17,15,391.14,4,2024-11-17,2024,11,17,3,98
54b16993,272d1c1e-d,6,248.71,15,211.4,0,2024-06-28,2024,6,28,0,112
192edd4e,bf98ce15-f,3,33.88,10,30.49,1,2024-03-12,2024,3,12,5,140
99781be9,a2f4cd32-3,1,464.05,20,371.24,1,2024-05-07,2024,5,7,5,92
9a9a07f5,1ff851f4-7,3,180.19,30,126.13,4,2024-08-21,2024,8,21,6,175
abb37032,605fd5fe-7,0,329.78,10,296.8,2,2024-09-20,2024,9,20,0,104
00e75d81,7150ff17-b,5,336.05,30,235.23,4,2024-03-09,2024,3,9,2,144
8355f413,df7cd075-2,6,95.06,5,90.31,0,2024-06-15,2024,6,15,2,120
a5bd8e47,b46bc60c-b,0,94.97,30,66.48,4,2024-07-02,2024,7,2,5,214
d7a17cb0,eb885daf-7,0,443.0,5,420.85,4,2024-05-13,2024,5,13,1,65
da787021,22ed0aa6-5,5,230.09,15,195.58,1,2024-01-11,2024,1,11,4,115
95cda985,d6276dee-6,6,65.75,0,65.75,1,2024-07-28,2024,7,28,3,105
51fe1422,6dc8bf66-f,2,116.39,25,87.29,3,2024-02-20,2024,2,20,5,170
e2d534fc,e4426847-7,1,315.16,50,157.58,3,2024-06-22,2024,6,22,2,215
f783772f,bcdaa92b-c,5,133.14,25,99.85,4,2024-11-04,2024,11,4,1,195
128b6828,63132048-a,4,167.4,10,150.66,0,2024-09-10,2024,9,10,5,121
284c8015,77363464-a,2,43.48,25,32.61,4,2024-08-23,2024,8,23,0,190
cca2b172,5e26e41d-1,3,14.54,5,13.81,3,2024-04-26,2024,4,26,0,130
f0241946,7d7d6526-3,5,302.08,25,226.56,4,2024-04-08,2024,4,8,1,137
7abecd58,7d1006e3-7,4,474.64,5,450.91,0,2024-09-30,2024,9,30,1,44
658e0882,f4dc1f9e-3,6,496.29,15,421.85,3,2024-09-22,2024,9,22,3,68
6d8a2a99,97a50e99-a,3,397.3,50,198.65,4,2024-10-31,2024,10,31,4,216
8f7a0b5d,3d3bc42d-c,0,284.26,50,142.13,2,2024-10-16,2024,10,16,6,265
6369a7c3,a7ddfd45-9,6,146.22,50,73.11,2,2024-03-31,2024,3,31,3,242
e71626bf,2c2faf85-a,0,134.41,20,107.53,1,2024-05-07,2024,5,7,5,174
9318bcd2,7efcfbc1-8,6,277.93,50,138.97,3,2024-04-23,2024,4,23,5,216
d9c4fc09,505d5a39-d,6,175.25,30,122.67,1,2024-10-06,2024,10,6,3,201
00209791,89fe8404-d,6,12.14,15,10.32,1,2024-05-13,2024,5,13,1,162
94ac8476,e2a6302f-9,1,333.82,30,233.67,3,2024-10-02,2024,10,2,6,178
b7618bd0,dc1f1f13-f,1,125.36,30,87.75,2,2024-10-13,2024,10,13,3,225
d9b8e81b,89ddf5fd-7,3,109.9,15,93.42,1,2024-07-24,2024,7,24,6,138
905c8be8,c979e542-7,2,473.91,30,331.74,1,2024-10-13,2024,10,13,3,148
31761a11,2166f519-9,3,294.36,50,147.18,0,2024-07-20,2024,7,20,2,206
359b71d4,fd8c870e-2,2,460.68,10,414.61,1,2024-02-07,2024,2,7,6,52
bfd771e4,e94d9977-3,4,362.96,10,326.66,2,2024-09-30,2024,9,30,1,78
b9168cc4,19f3b34c-3,0,95.3,5,90.53,3,2024-09-01,2024,9,1,3,131
d45a9dbe,c4910d2d-c,1,259.1,0,259.1,1,2024-06-12,2024,6,12,6,77
a12946ef,45f9b126-8,1,205.38,30,143.77,2,2024-06-23,2024,6,23,3,180
39963ecc,7b2b5520-9,2,370.12,10,333.11,0,2024-01-14,2024,1,14,3,77
3d8cd018,ab136d2e-f,4,97.7,15,83.05,0,2024-01-20,2024,1,20,2,142
db704f77,eedfbf75-6,4,306.03,50,153.01,0,2024-02-23,2024,2,23,0,209
723714c2,5697bb51-3,6,72.75,20,58.2,2,2024-04-12,2024,4,12,0,162
4ec2b2be,2ee16cb9-f,2,186.26,20,149.01,4,2024-11-16,2024,11,16,2,172
36e6f67c,22332c97-1,6,16.7,50,8.35,0,2024-03-10,2024,3,10,3,266
008384ad,c2a9a44a-4,6,191.15,50,95.58,4,2024-06-13,2024,6,13,4,228
490111ac,47f7d81c-2,5,232.55,25,174.41,0,2024-06-12,2024,6,12,6,149
0c1fae8d,04a731ad-f,4,234.62,15,199.43,1,2024-04-18,2024,4,18,4,115
1c34cc19,106c929a-7,3,31.72,20,25.38,4,2024-06-29,2024,6,29,2,175
6b305d69,fb8256e8-a,3,159.29,0,159.29,0,2024-07-21,2024,7,21,3,92
6af4e7e9,805daac9-0,2,30.68,50,15.34,0,2024-09-08,2024,9,8,3,261
42fe34af,1b911467-9,1,285.83,10,257.25,4,2024-06-27,2024,6,27,4,97
fe4d03cd,92ff2301-c,2,311.67,15,264.92,3,2024-10-01,2024,10,1,5,130
f4518d7a,c968f734-c,3,277.94,5,264.04,2,2024-09-04,2024,9,4,6,80
447148db,a952cd60-a,1,368.42,20,294.74,4,2024-07-13,2024,7,13,2,121
2d574c24,58473eef-4,4,379.22,15,322.34,3,2024-07-17,2024,7,17,6,87
68073337,45f6a7d5-8,3,265.27,25,198.95,1,2024-02-28,2024,2,28,6,141
86cbee34,21341a74-3,4,369.05,5,350.6,2,2024-06-26,2024,6,26,6,64
527b9c2d,ed14558a-7,0,493.7,20,394.96,0,2024-03-13,2024,3,13,6,96
3e3b26e1,9ffd92ed-4,0,499.65,10,449.69,2,2024-07-25,2024,7,25,4,69
ee2a2250,1878cf5a-b,0,31.78,15,27.01,2,2024-06-02,2024,6,2,3,183
0ef29560,78fc8fe3-6,6,145.1,25,108.82,4,2024-01-09,2024,1,9,5,166
f9e39387,025cebdc-b,6,163.27,25,122.45,4,2024-07-22,2024,7,22,1,157
df9db226,186cf076-b,6,223.69,20,178.95,1,2024-09-02,2024,9,2,1,133
d71147c9,0c602c0e-d,0,417.94,0,417.94,0,2024-04-02,2024,4,2,5,56
541f1998,4395c151-c,4,270.76,30,189.53,0,2024-02-08,2024,2,8,4,151
5f245ccc,4bf67e4a-1,0,497.52,50,248.76,4,2024-03-26,2024,3,26,5,194
376509b0,a2fdbbd6-3,5,348.59,5,331.16,4,2024-09-19,2024,9,19,4,64
ca0054f1,c4f7e6b0-9,3,362.5,10,326.25,1,2024-09-10,2024,9,10,5,82
77b6f008,4d57ddaa-d,4,411.6,30,288.12,2,2024-11-12,2024,11,12,5,161
bd42adcc,4a9db56e-b,1,206.82,30,144.77,0,2024-06-13,2024,6,13,4,173
cf924ab8,8cc9674f-9,1,161.64,0,161.64,3,2024-10-13,2024,10,13,3,127
ad923bb1,881ea42d-0,5,27.22,20,21.78,2,2024-09-03,2024,9,3,5,174
63b7cb47,d12bfdfa-c,0,310.78,5,295.24,0,2024-02-10,2024,2,10,2,90
5e31c73f,fab11646-d,6,227.18,5,215.82,3,2024-09-15,2024,9,15,3,91
b5dbe555,1524eaed-7,4,383.65,15,326.1,3,2024-05-20,2024,5,20,1,86
88f26a4e,87409d7f-6,4,153.01,10,137.71,3,2024-03-12,2024,3,12,5,121
320a04c7,12dec9d2-a,5,202.59,30,141.81,3,2024-08-27,2024,8,27,5,171
f85b8d3c,a5f0b72c-e,3,464.92,15,395.18,0,2024-02-16,2024,2,16,0,71
50540d6b,00cabebb-5,6,241.52,5,229.44,2,2024-07-07,2024,7,7,3,84
c84cf1d8,dc52dd90-9,2,153.55,30,107.48,0,2024-01-05,2024,1,5,0,175
4c71ecf8,9cc7d475-d,3,52.37,50,26.18,2,2024-09-17,2024,9,17,5,264
8dba0d32,ccaace6c-b,0,83.47,20,66.78,0,2024-01-28,2024,1,28,3,180
3855d9fa,353a3dfb-c,2,56.54,50,28.27,2,2024-09-30,2024,9,30,1,255
cb21c984,ed3c487d-3,1,200.97,25,150.73,4,2024-02-19,2024,2,19,1,162
d8b248a8,6088e242-d,3,458.08,10,412.27,4,2024-04-06,2024,4,6,2,56
2fcadb6b,54459852-1,4,284.25,20,227.4,3,2024-04-19,2024,4,19,0,127
dabe2577,44399f1d-0,0,329.64,15,280.19,1,2024-01-01,2024,1,1,1,124
6a77d021,adeb9832-4,1,407.43,5,387.06,0,2024-08-28,2024,8,28,6,68
722ed6bd,52de41ab-1,2,141.16,5,134.1,1,2024-02-23,2024,2,23,0,105
4769336c,ab11e8cb-a,0,291.79,20,233.43,3,2024-02-27,2024,2,27,5,139
d20bbc2b,65461fd8-0,3,211.17,50,105.58,4,2024-07-07,2024,7,7,3,232
0580edce,af0a95ad-9,2,461.66,20,369.33,1,2024-10-06,2024,10,6,3,121
6cec43d0,7b13c22d-e,5,71.33,20,57.06,0,2024-04-10,2024,4,10,6,167
b7936ac3,9f3985c8-e,5,208.52,15,177.24,4,2024-03-12,2024,3,12,5,123
1fb7f40c,654d10d0-a,6,251.47,25,188.6,3,2024-04-13,2024,4,13,2,144
19649d6c,cb073c91-8,5,249.57,50,124.78,2,2024-07-27,2024,7,27,2,222
191c2795,9d539845-5,4,327.6,30,229.32,1,2024-10-02,2024,10,2,6,175
223e1e33,6c517e1f-0,4,79.12,50,39.56,1,2024-01-08,2024,1,8,1,258
c1acaead,6e5bd6db-0,0,419.33,20,335.46,3,2024-03-22,2024,3,22,0,121
82041756,f8863647-9,5,485.37,15,412.56,4,2024-10-23,2024,10,23,6,101
8963cb6f,5771604f-4,3,381.37,20,305.1,2,2024-07-07,2024,7,7,3,105
bcc25218,40efd882-7,3,43.97,10,39.57,3,2024-07-23,2024,7,23,5,137
3b71545e,a4d41da0-b,5,18.83,25,14.12,0,2024-10-18,2024,10,18,0,224
fb73ed45,1f1d87d4-7,5,407.91,10,367.12,1,2024-06-18,2024,6,18,5,63
329b7c97,66140a6e-1,3,242.01,50,121.0,3,2024-05-20,2024,5,20,1,223
559fa173,7b67e89b-6,6,284.88,30,199.42,1,2024-03-27,2024,3,27,6,158
a1268df3,7df8467d-8,1,277.39,20,221.91,4,2024-06-23,2024,6,23,3,132
ddeec1fb,8a92200f-7,3,93.6,0,93.6,4,2024-01-05,2024,1,5,0,99
883b954f,9818c76a-8,3,300.06,0,300.06,0,2024-04-20,2024,4,20,2,58
3958d313,73871064-1,2,34.36,5,32.64,0,2024-06-07,2024,6,7,0,130
eeac60e5,5be37573-b,6,258.4,25,193.8,4,2024-10-27,2024,10,27,3,172
c04b4143,ca06715c-d,2,347.13,5,329.77,3,2024-11-18,2024,11,18,1,97
81704388,c92b0f0c-c,4,480.8,25,360.6,3,2024-11-05,2024,11,5,5,132
95912e32,9bb22a8b-a,4,92.03,20,73.62,1,2024-07-21,2024,7,21,3,156
d290f1f8,3d7c2710-7,2,341.83,5,324.74,2,2024-03-06,2024,3,6,6,70
ed543573,207d5b1e-8,3,354.66,30,248.26,0,2024-10-03,2024,10,3,4,172
62c9beef,f0074454-3,1,441.84,25,331.38,3,2024-10-09,2024,10,9,6,146
9a9e2f5b,4ad3c592-c,4,481.86,5,457.77,4,2024-08-15,2024,8,15,4,35
f602c02d,c3265e2a-f,1,382.18,10,343.96,2,2024-04-26,2024,4,26,0,85
4851e157,80b52540-7,2,161.02,30,112.71,2,2024-06-24,2024,6,24,1,180
2063936e,fd1ec13c-d,6,477.48,0,477.48,4,2024-10-25,2024,10,25,0,54
4852a573,b9bf1e92-b,1,301.17,25,225.88,4,2024-11-12,2024,11,12,5,179
33be8310,7e635ae5-c,4,428.08,30,299.66,2,2024-06-13,2024,6,13,4,125
35313885,e876784d-7,3,260.66,30,182.46,0,2024-09-29,2024,9,29,3,152
a614a195,791be972-6,1,126.22,0,126.22,0,2024-01-20,2024,1,20,2,103
abff895f,b99c3aa9-c,1,15.04,25,11.28,3,2024-03-10,2024,3,10,3,200
abc32e14,b14ddad9-e,4,474.05,20,379.24,0,2024-05-21,2024,5,21,5,89
de85b962,650cfb0b-7,4,261.58,30,183.11,0,2024-02-07,2024,2,7,6,155
f4d21e00,4800e623-9,5,484.13,30,338.89,4,2024-11-01,2024,11,1,0,143
6c851471,88556210-7,0,73.24,10,65.92,0,2024-01-07,2024,1,7,3,156
fc14a4b2,28a53034-3,2,342.32,20,273.86,2,2024-01-21,2024,1,21,3,114
0ffb9389,e960a759-3,4,69.64,20,55.71,2,2024-09-25,2024,9,25,6,161
0c9235c1,263982c9-a,1,407.48,5,387.11,1,2024-08-17,2024,8,17,2,63
20a19ba6,4a32c0a0-8,3,99.49,20,79.59,2,2024-07-17,2024,7,17,6,161
937d9e65,aff7f14b-0,6,330.6,30,231.42,0,2024-08-25,2024,8,25,3,140
5842f35e,11fb33c7-a,1,90.77,5,86.23,0,2024-05-24,2024,5,24,0,128
b2d5adaa,1990cfc9-5,0,130.13,10,117.12,4,2024-11-19,2024,11,19,5,172
2b33b2b6,e20f0e47-6,1,441.92,30,309.34,3,2024-04-28,2024,4,28,3,134
771a9563,fc294888-f,3,256.51,0,256.51,3,2024-06-21,2024,6,21,0,67
7580c1b1,289544ad-2,5,392.04,20,313.63,0,2024-03-08,2024,3,8,0,104
8b885340,5a4c2797-7,4,496.82,0,496.82,2,2024-04-20,2024,4,20,2,24
51363656,76639c92-e,3,206.43,25,154.82,4,2024-06-26,2024,6,26,6,151
2421a3f6,872b8abe-f,5,278.41,5,264.49,0,2024-11-07,2024,11,7,4,112
14f20acd,a90e4600-6,6,221.23,25,165.92,4,2024-08-02,2024,8,2,0,149
b9cfaba1,01f61e5d-d,6,253.31,5,240.64,2,2024-10-25,2024,10,25,0,118
ec6cf96c,3f220d8a-4,0,85.36,50,42.68,4,2024-09-22,2024,9,22,3,275
7c07bb17,a0a861a7-0,2,122.21,20,97.77,3,2024-07-19,2024,7,19,0,152
e70186b8,7e13033b-9,5,40.02,50,20.01,1,2024-05-20,2024,5,20,1,259
fd015934,b843f1a2-3,5,482.59,15,410.2,1,2024-05-17,2024,5,17,0,71
c27ce717,22c19343-0,2,343.71,50,171.85,0,2024-03-05,2024,3,5,5,205
8f7fbe97,58a12720-9,1,407.74,5,387.35,1,2024-04-16,2024,4,16,5,68
317a7a6a,02c35efa-3,1,274.57,10,247.11,3,2024-04-09,2024,4,9,5,105
fe2ddc82,9824cc72-0,4,181.18,20,144.94,1,2024-01-30,2024,1,30,5,139
095bcc91,36a204de-b,1,301.21,30,210.85,3,2024-09-28,2024,9,28,2,160
85d8fdfd,80b28ec1-1,5,378.97,0,378.97,0,2024-10-25,2024,10,25,0,70
912a636b,f0dc391c-b,4,291.57,15,247.83,4,2024-09-12,2024,9,12,4,111
75d6b929,8dfa80a9-a,5,374.81,50,187.41,1,2024-04-15,2024,4,15,1,191
2cc7ae37,b720ce22-f,1,285.95,20,228.76,3,2024-10-02,2024,10,2,6,167
ceb520d0,563623c6-f,3,309.01,25,231.76,2,2024-10-21,2024,10,21,1,158
d420adeb,09144443-b,5,499.96,50,249.98,3,2024-08-24,2024,8,24,2,175
158df4de,17cc8844-e,3,376.17,50,188.09,0,2024-10-03,2024,10,3,4,229
ebf19184,fc077491-6,6,189.0,10,170.1,3,2024-09-27,2024,9,27,0,117
ec38f4fa,0d2ea5a2-6,5,471.23,20,376.98,3,2024-02-14,2024,2,14,6,82
f8a02dac,c2e06025-6,1,108.88,15,92.55,3,2024-07-13,2024,7,13,2,153
53b0ac5a,bc80dadc-b,4,176.92,0,176.92,4,2024-10-31,2024,10,31,4,116
20eef2f5,e695e227-e,0,172.71,25,129.53,1,2024-04-19,2024,4,19,0,183
094b4804,deec827a-3,6,403.23,5,383.07,4,2024-11-03,2024,11,3,3,85
b871eb1f,a6a347dd-a,1,224.05,10,201.65,2,2024-04-28,2024,4,28,3,113
6565f641,9f0098a7-5,0,458.94,0,458.94,4,2024-03-14,2024,3,14,4,48
28eb571c,a6189391-d,4,186.09,0,186.09,4,2024-06-18,2024,6,18,5,81
8ef41c4f,34d122bf-5,6,94.02,20,75.22,1,2024-01-17,2024,1,17,6,163
8c990553,7b4233d2-d,6,178.71,5,169.77,1,2024-10-12,2024,10,12,2,124
a1099e85,bc8165dc-d,4,138.31,10,124.48,1,2024-05-04,2024,5,4,2,117
bdb0edfe,f12eee5a-c,0,61.62,15,52.38,1,2024-01-19,2024,1,19,0,177
d8970dd2,475d4cf1-c,5,493.04,0,493.04,3,2024-03-17,2024,3,17,3,21
0e09bb42,a3b21d1b-b,2,93.28,15,79.29,3,2024-07-31,2024,7,31,6,150
f893da7a,70b6b201-4,6,459.49,15,390.57,3,2024-01-03,2024,1,3,6,69
744e3383,7dd40ade-e,4,246.03,15,209.13,2,2024-05-11,2024,5,11,2,114
f4d0aa67,48231ccc-5,3,172.66,0,172.66,1,2024-09-03,2024,9,3,5,80
7cbe212a,4b41a5fc-3,2,233.2,20,186.56,0,2024-05-14,2024,5,14,5,134
ac02118a,2787e47c-9,6,304.79,30,213.35,4,2024-09-26,2024,9,26,4,144
f878e329,143dd678-7,1,124.42,0,124.42,1,2024-11-05,2024,11,5,5,133
ebd4488c,82b5be1c-d,3,27.16,10,24.44,3,2024-04-09,2024,4,9,5,147
635d1b34,66d84c63-e,5,420.22,0,420.22,0,2024-02-17,2024,2,17,2,30
e06e1b01,7b826100-c,0,187.72,30,131.4,1,2024-02-12,2024,2,12,1,190
7d7169a4,8f17be1c-d,6,363.56,50,181.78,3,2024-05-03,2024,5,3,0,197
f53931c3,2db00657-3,2,256.97,50,128.49,1,2024-02-15,2024,2,15,4,218
d833241e,ff777544-d,6,389.7,10,350.73,0,2024-04-01,2024,4,1,1,74
26525a44,5be07323-d,4,242.13,30,169.49,3,2024-01-28,2024,1,28,3,156
5efa07f9,7c691a42-9,0,415.0,5,394.25,2,2024-05-19,2024,5,19,3,73
84531d15,6ed3d2f3-3,6,205.38,10,184.84,1,2024-09-09,2024,9,9,1,103
73c7af6b,a72d9534-6,3,402.37,0,402.37,3,2024-07-30,2024,7,30,5,40
4d5cef27,94d72c63-f,6,130.6,0,130.6,4,2024-03-09,2024,3,9,2,90
bc30caa0,f5925221-d,2,401.02,15,340.87,0,2024-05-11,2024,5,11,2,89
e2f51045,d6f32dd8-f,3,376.07,30,263.25,2,2024-05-24,2024,5,24,0,136
2fdaa4b7,264cc6f2-b,1,361.79,50,180.9,3,2024-09-23,2024,9,23,1,204
ec750276,796274f4-9,3,477.51,25,358.13,0,2024-10-19,2024,10,19,2,124
b52a9a86,baf6af3a-2,6,209.1,50,104.55,1,2024-08-02,2024,8,2,0,230
d5fba1fa,54768b80-4,6,367.38,15,312.27,2,2024-06-18,2024,6,18,5,88
33c35bb2,77b44571-a,0,49.99,20,39.99,2,2024-03-27,2024,3,27,6,186
4f782125,98991933-6,4,223.13,5,211.97,4,2024-03-29,2024,3,29,0,85
815bb3e2,a315c8f4-1,2,481.77,10,433.59,1,2024-09-03,2024,9,3,5,50
7c123e25,71e34e7e-d,6,333.36,10,300.02,2,2024-02-27,2024,2,27,5,79
c4710669,4b0a0467-d,1,460.93,20,368.74,1,2024-04-20,2024,4,20,2,93
b486bdc0,ab545833-e,4,198.84,50,99.42,4,2024-07-28,2024,7,28,3,230
418f40d0,6c180001-8,1,335.09,20,268.07,2,2024-10-13,2024,10,13,3,147
a9291a98,60305bf5-b,1,410.41,50,205.21,1,2024-06-02,2024,6,2,3,193
c6e9c8a6,d3dc4ba6-3,3,393.83,50,196.91,3,2024-08-21,2024,8,21,6,191
3d31754b,e2c3e03c-f,3,398.76,30,279.13,1,2024-05-04,2024,5,4,2,127
0c74e0f0,87109b74-d,2,455.43,15,387.12,4,2024-06-15,2024,6,15,2,71
cf29466e,ed1adb23-e,6,352.31,20,281.85,1,2024-10-04,2024,10,4,0,134
2697b3d8,f163326a-e,5,166.63,30,116.64,2,2024-03-04,2024,3,4,1,178
3f298345,4c7cdc78-5,5,362.57,5,344.44,1,2024-05-31,2024,5,31,0,63
9a3d7a70,0ca0aa41-4,1,96.73,25,72.55,4,2024-10-04,2024,10,4,0,216
df980ec1,c5cc3ef2-7,5,420.31,50,210.16,2,2024-03-04,2024,3,4,1,182
fbf3b6d9,a57ea4d6-b,5,56.1,25,42.08,3,2024-09-09,2024,9,9,1,187
6b5e77c8,545a2eb9-d,5,349.84,15,297.36,4,2024-07-14,2024,7,14,3,99
91ed529f,3636152c-4,1,358.31,15,304.56,2,2024-01-25,2024,1,25,4,100
60560203,b75f0c2c-f,6,361.61,15,307.37,4,2024-05-02,2024,5,2,4,88
e426ec00,dce8b779-7,3,450.48,5,427.96,2,2024-11-07,2024,11,7,4,69
8a8e4d60,5b6f25c3-7,1,330.31,15,280.76,3,2024-10-14,2024,10,14,1,139
aab9ddbb,63ae55e3-c,3,151.85,15,129.07,0,2024-06-11,2024,6,11,5,135
c4d760c3,81a22f1c-4,2,276.74,0,276.74,2,2024-06-18,2024,6,18,5,60
d930502c,4583a4bf-b,6,345.43,15,293.62,2,2024-10-08,2024,10,8,5,126
ef9c5215,510084a8-1,1,389.96,15,331.47,2,2024-05-22,2024,5,22,6,99
9c5e398c,22eb5551-c,4,16.18,5,15.37,1,2024-11-02,2024,11,2,2,156
6ab927cc,94f6ab2a-a,1,226.93,30,158.85,3,2024-11-20,2024,11,20,6,207
789a89e9,9fbcb30e-3,3,116.1,10,104.49,4,2024-06-17,2024,6,17,1,127
8e1f81cd,2a410eda-f,6,216.97,50,108.48,2,2024-05-30,2024,5,30,4,223
e8e91d15,d0a161db-1,3,33.25,5,31.59,2,2024-03-25,2024,3,25,1,130
4401eb85,25ef6419-9,3,181.56,0,181.56,2,2024-08-14,2024,8,14,6,84
23b8db27,6f11ccc4-8,2,350.58,0,350.58,1,2024-09-10,2024,9,10,5,54
d279b7f1,5524ed33-7,2,222.11,50,111.06,1,2024-02-27,2024,2,27,5,227
88984c72,b278799f-b,0,445.45,15,378.63,3,2024-10-31,2024,10,31,4,125
718a642f,4ba7e11d-7,4,449.09,25,336.82,4,2024-11-04,2024,11,4,1,138
4bb60db5,f99b8f8a-c,0,206.19,0,206.19,0,2024-10-15,2024,10,15,5,127
ce7d898b,c8d049e0-d,4,19.55,5,18.57,4,2024-06-10,2024,6,10,1,128
4f99b5dc,44002de8-0,4,211.62,0,211.62,3,2024-07-22,2024,7,22,1,74
07fd6558,e77e1af7-5,3,152.24,50,76.12,4,2024-04-22,2024,4,22,1,234
0b385dfa,81dfd444-c,6,222.36,0,222.36,3,2024-07-22,2024,7,22,1,77
b0de127f,5f4bc204-f,4,95.92,25,71.94,2,2024-04-19,2024,4,19,0,171
56b9b6e6,1e2f69da-1,0,335.09,0,335.09,1,2024-08-26,2024,8,26,1,69
e3f9922a,7bf2973a-6,6,241.25,20,193.0,1,2024-06-01,2024,6,1,2,133
925202a4,52599214-3,5,123.91,25,92.93,1,2024-11-10,2024,11,10,3,202
2081a750,c9dde1e5-4,0,170.1,15,144.58,0,2024-09-02,2024,9,2,1,155
c7114204,946ec3fd-e,5,12.24,10,11.02,0,2024-02-13,2024,2,13,5,145
6d3d14a8,0be9c57e-b,3,496.29,10,446.66,0,2024-02-26,2024,2,26,1,48
e3a22f45,aaba4dcc-7,0,214.77,50,107.39,4,2024-06-13,2024,6,13,4,246
afd642ef,0169a3ab-a,3,453.64,5,430.96,4,2024-06-06,2024,6,6,4,44
160a70d8,73014b58-9,6,63.98,25,47.98,1,2024-08-26,2024,8,26,1,181
7a8fb819,d885509a-e,6,343.35,20,274.68,1,2024-09-20,2024,9,20,0,112
e831f6b4,808ca9d1-8,6,46.68,20,37.34,4,2024-01-15,2024,1,15,1,166
24d2a786,1dacee5b-e,6,269.06,10,242.15,4,2024-10-01,2024,10,1,5,127
fdcc0170,60dec6bb-a,5,145.91,15,124.02,0,2024-05-02,2024,5,2,4,139
faed997b,dcae4939-5,3,300.96,0,300.96,3,2024-05-13,2024,5,13,1,60
f1327a62,dbee7a4d-d,6,83.67,10,75.3,2,2024-01-20,2024,1,20,2,128
2c190d8c,037ddfe3-9,6,491.44,50,245.72,4,2024-03-03,2024,3,3,3,172
4b6d41b3,84be7a5a-2,3,436.45,20,349.16,3,2024-08-24,2024,8,24,2,91
9a1fa943,81899877-0,5,177.91,5,169.01,1,2024-07-17,2024,7,17,6,96
bfa5ca2e,c89c4459-0,6,53.69,20,42.95,4,2024-05-08,2024,5,8,6,166
85bd7667,feeeabdc-c,6,179.55,10,161.6,1,2024-11-11,2024,11,11,1,142
2c58e6ef,c3c887cb-a,6,348.31,15,296.06,0,2024-06-10,2024,6,10,1,91
709f2edd,1af0660f-c,5,301.91,0,301.91,0,2024-09-27,2024,9,27,0,55
f01b43f7,5e6ccb0a-7,2,227.08,15,193.02,1,2024-02-13,2024,2,13,5,114
f42d759a,18cc36c2-2,4,330.53,50,165.26,0,2024-04-15,2024,4,15,1,202
b1e17021,306ad08a-7,3,286.47,25,214.85,4,2024-06-04,2024,6,4,5,135
2ff6e11d,db0c8025-6,3,130.6,10,117.54,2,2024-03-31,2024,3,31,3,128
a6f6238c,9ca7c504-6,3,465.45,15,395.63,3,2024-10-03,2024,10,3,4,105
ca624bb4,69bcf5e6-c,2,117.74,20,94.19,3,2024-06-28,2024,6,28,0,152
6c8dad52,de178a79-4,3,265.67,50,132.84,3,2024-03-07,2024,3,7,4,213
44cf89f5,835c8ffe-7,1,95.18,0,95.18,2,2024-11-03,2024,11,3,3,141
7ea8278d,14272c92-f,2,101.4,5,96.33,4,2024-03-10,2024,3,10,3,115
078fcf7a,6af45722-8,4,309.63,25,232.22,2,2024-09-07,2024,9,7,2,131
76559d30,9229ec2c-a,5,147.6,50,73.8,1,2024-05-02,2024,5,2,4,239
9cf2ef37,74c0aea6-2,2,77.64,25,58.23,4,2024-11-12,2024,11,12,5,208
540687b1,26a7d768-2,0,407.12,20,325.7,3,2024-03-18,2024,3,18,1,118
4c258f55,1f8f04df-b,1,173.32,10,155.99,4,2024-07-13,2024,7,13,2,128
219cee6a,cab96b83-5,0,335.86,20,268.69,4,2024-08-30,2024,8,30,0,128
c15ed68c,774ad254-3,4,110.52,10,99.47,0,2024-04-05,2024,4,5,0,126
6304ddb4,1b7806c8-8,0,300.6,15,255.51,4,2024-10-12,2024,10,12,2,151
a742a6a5,d5175f47-8,1,312.78,15,265.86,2,2024-10-25,2024,10,25,0,140
e0b80ab2,d9c29578-e,2,499.91,30,349.94,1,2024-05-16,2024,5,16,4,114
48655454,cd65d18d-a,4,170.31,20,136.25,3,2024-03-30,2024,3,30,2,145
958d0fcb,49723911-b,5,78.11,25,58.58,4,2024-08-04,2024,8,4,3,181
637d8a7f,e124f0dc-9,3,305.34,15,259.54,1,2024-10-07,2024,10,7,1,128
22fef1b5,c2819460-a,5,426.79,15,362.77,2,2024-10-10,2024,10,10,4,113
9046c46f,3ebedb00-4,4,375.73,25,281.8,4,2024-04-02,2024,4,2,5,121
2e348747,6610b307-5,5,163.86,25,122.9,3,2024-07-11,2024,7,11,4,167
2f2a8b7a,d7790ef9-1,3,203.98,10,183.58,0,2024-04-28,2024,4,28,3,110
0021e458,44fb96a5-a,5,145.31,15,123.51,3,2024-01-19,2024,1,19,0,130
28bc186c,647df5b4-8,2,221.16,30,154.81,0,2024-04-12,2024,4,12,0,161
94cce708,a73807ae-d,6,256.42,0,256.42,2,2024-06-02,2024,6,2,3,65
47dfa10f,6406a187-e,5,431.38,0,431.38,2,2024-03-05,2024,3,5,5,28
f227caa1,134467bd-1,5,345.75,0,345.75,4,2024-06-23,2024,6,23,3,53
5ccab37f,08c3ba2b-2,0,96.68,30,67.68,2,2024-02-13,2024,2,13,5,212
f1d4d1d3,81312f44-7,2,438.0,5,416.1,3,2024-11-01,2024,11,1,0,73
259e5ade,641eeb23-2,5,272.29,0,272.29,2,2024-07-05,2024,7,5,0,68
e2356d8b,57d4489b-e,6,84.09,5,79.89,4,2024-03-13,2024,3,13,6,119
7f742f53,e61eaba4-4,2,432.25,0,432.25,1,2024-05-08,2024,5,8,6,36
b7529b08,351120fc-3,0,179.62,50,89.81,1,2024-07-24,2024,7,24,6,254
a38bba13,d65d0c73-0,3,302.95,15,257.51,3,2024-08-25,2024,8,25,3,104
0dc89ab7,d1f197aa-d,6,345.41,10,310.87,3,2024-07-07,2024,7,7,3,85
d3af2e02,650935e7-9,1,167.63,25,125.72,0,2024-01-03,2024,1,3,6,169
664ecafc,f965f3ef-d,5,436.92,20,349.54,0,2024-11-08,2024,11,8,0,126
32b21e58,184903ed-3,6,168.92,10,152.03,2,2024-08-15,2024,8,15,4,120
3379f7d2,d0f527a9-b,6,42.14,25,31.61,4,2024-05-04,2024,5,4,2,182
7cbec78e,085249b5-7,5,178.91,30,125.24,0,2024-01-16,2024,1,16,5,175
9a0612a5,1c05ddd2-1,3,322.75,15,274.34,4,2024-02-10,2024,2,10,2,99
ada22b55,2b0c246f-9,6,123.27,30,86.29,4,2024-08-22,2024,8,22,4,190
d0086a7f,631e9a74-1,5,361.29,5,343.23,1,2024-05-18,2024,5,18,2,62
27b48e7c,c96f4099-4,4,275.42,10,247.88,0,2024-02-28,2024,2,28,6,90
afbdd29f,43c1eda4-5,1,321.92,50,160.96,2,2024-07-05,2024,7,5,0,214
73a324ba,2b2b723a-0,4,292.11,30,204.48,2,2024-09-01,2024,9,1,3,155
67567200,abcdf90c-4,5,444.49,50,222.25,1,2024-11-13,2024,11,13,6,209
2ed9c959,78a16480-d,0,182.13,50,91.06,4,2024-04-09,2024,4,9,5,256
bc43c77d,5a098fec-d,0,412.71,20,330.17,2,2024-02-05,2024,2,5,1,117
e4d80260,d3fd1a35-2,5,235.28,25,176.46,0,2024-05-15,2024,5,15,6,143
ca73e3ea,441abad4-6,4,309.9,5,294.4,1,2024-01-28,2024,1,28,3,68
5c93bd47,2b2d1b01-d,0,327.07,5,310.72,3,2024-05-12,2024,5,12,3,88
1d5adb9d,0a406fe0-9,5,459.22,0,459.22,2,2024-11-09,2024,11,9,2,61
751f40ec,568ad177-d,1,323.0,0,323.0,4,2024-09-11,2024,9,11,6,65
7d4bb47e,68fb956a-8,4,170.44,15,144.87,0,2024-06-15,2024,6,15,2,134
90b0754f,d64ddbd5-c,3,354.49,30,248.14,0,2024-11-20,2024,11,20,6,170
ad0012f9,2bdb1ae5-9,3,277.17,30,194.02,2,2024-01-02,2024,1,2,5,153
17a03a8e,02895d3a-7,5,169.69,20,135.75,0,2024-06-15,2024,6,15,2,150
348b4f2e,c6be69d5-3,4,209.19,20,167.35,1,2024-01-26,2024,1,26,0,138
3d7f7e1e,0e1d89b5-2,4,258.78,15,219.96,3,2024-04-02,2024,4,2,5,112
edb89577,3be497cb-0,5,480.49,0,480.49,0,2024-07-15,2024,7,15,1,28
fd1013cd,4eaba910-8,5,465.95,20,372.76,1,2024-09-08,2024,9,8,3,89
2a21b2f5,7bfbfd94-7,2,195.8,20,156.64,1,2024-10-05,2024,10,5,2,170
e734cf71,099b46cb-1,4,100.78,0,100.78,3,2024-01-17,2024,1,17,6,104
c5bc43a2,a9b57c56-1,6,31.79,0,31.79,2,2024-08-20,2024,8,20,5,115
7f3ef01a,36f6022c-6,4,493.53,30,345.47,0,2024-04-25,2024,4,25,4,107
d09b44d1,10fcf229-3,6,190.3,50,95.15,3,2024-10-19,2024,10,19,2,264
25804b99,de5e986e-7,0,22.77,50,11.38,1,2024-06-20,2024,6,20,4,284
8b449287,26b61a09-1,5,307.9,15,261.71,2,2024-03-29,2024,3,29,0,104
06c442e0,1d3bb5fd-9,6,150.05,0,150.05,3,2024-02-18,2024,2,18,3,93
741e480b,0b938bcf-d,6,347.71,10,312.94,2,2024-11-03,2024,11,3,3,105
c4a4411c,8d5bccd1-3,6,136.24,0,136.24,3,2024-03-03,2024,3,3,3,96
b2423a79,6a9e51ec-b,0,146.47,10,131.82,2,2024-05-26,2024,5,26,3,139
59ace126,25458e74-d,2,448.81,20,359.05,1,2024-07-23,2024,7,23,5,94
5d2e84b4,b33afedd-a,1,286.12,30,200.28,3,2024-10-19,2024,10,19,2,188
6328bc7c,cf11150e-3,6,308.37,50,154.19,4,2024-07-12,2024,7,12,0,208
b4eb8cc7,84c9273b-5,3,286.47,5,272.15,1,2024-06-12,2024,6,12,6,82
6e95832f,d986c065-8,1,350.59,0,350.59,4,2024-09-26,2024,9,26,4,54
f627d9d5,2c14c5cd-a,2,254.32,0,254.32,4,2024-07-27,2024,7,27,2,66
b644e0d1,18df8182-6,2,297.32,0,297.32,0,2024-09-12,2024,9,12,4,59
f9cd4168,ec20f7ba-1,6,219.48,25,164.61,2,2024-07-18,2024,7,18,4,149
72c3e855,f367ee26-d,1,134.52,30,94.16,0,2024-09-04,2024,9,4,6,190
abd487a4,4d872e66-a,5,34.07,10,30.66,2,2024-01-30,2024,1,30,5,147
91bacb2f,0b9b177e-a,3,339.21,25,254.41,0,2024-08-15,2024,8,15,4,126
75272f5f,63799771-c,3,335.09,15,284.83,0,2024-11-07,2024,11,7,4,132
9e0fea41,fb8a4697-5,5,338.0,10,304.2,1,2024-06-10,2024,6,10,1,84
e4818739,3b188e25-6,6,348.31,20,278.65,2,2024-05-05,2024,5,5,3,115
6ddf61d1,d68623f3-f,6,357.9,30,250.53,4,2024-08-14,2024,8,14,6,136
d0936e56,5e4309df-9,5,27.03,15,22.98,0,2024-05-29,2024,5,29,6,154
ec022a3c,cb932ccc-5,1,465.64,0,465.64,2,2024-08-10,2024,8,10,2,41
be485d54,e594132a-a,0,416.88,25,312.66,3,2024-10-22,2024,10,22,5,162
87c33171,a0b69e5a-5,0,170.97,50,85.48,3,2024-08-21,2024,8,21,6,257
a374a7c5,db38b528-1,4,460.19,50,230.09,3,2024-02-29,2024,2,29,4,174
f54726e0,e75ab5dd-f,4,327.39,15,278.28,0,2024-02-23,2024,2,23,0,99
6e142ba6,cae07d8a-c,2,451.34,10,406.21,1,2024-04-22,2024,4,22,1,55
161325fd,0de2edaa-c,4,297.02,5,282.17,1,2024-05-11,2024,5,11,2,76
051133f8,ba2c4d0b-b,0,359.48,10,323.53,1,2024-10-17,2024,10,17,4,130
d80ab524,d1ea2388-0,0,105.45,10,94.91,2,2024-05-09,2024,5,9,4,148
842b3cac,9964a78a-f,5,30.46,30,21.32,4,2024-07-29,2024,7,29,1,203
78f9cc53,1bd34f46-f,1,247.76,25,185.82,2,2024-01-30,2024,1,30,5,154
295b35ad,5ade36b9-a,6,260.81,30,182.57,1,2024-08-15,2024,8,15,4,159
c5226913,b83f2b71-b,6,21.41,5,20.34,3,2024-04-23,2024,4,23,5,125
346f2c53,06b65d09-0,0,27.13,30,18.99,0,2024-09-06,2024,9,6,0,228
468925cf,036f2fe1-2,2,304.86,15,259.13,3,2024-09-14,2024,9,14,2,102
09ea71de,74744f71-4,1,69.37,0,69.37,2,2024-10-30,2024,10,30,6,144
99b59827,89625cd3-1,2,50.93,20,40.74,4,2024-10-10,2024,10,10,4,196
2a641c9d,ae8d3eae-6,6,337.58,5,320.7,4,2024-08-17,2024,8,17,2,64
4d08b875,210baeee-c,2,252.65,10,227.39,2,2024-01-31,2024,1,31,6,97
ad772c5a,840db3df-5,3,400.08,50,200.04,4,2024-05-18,2024,5,18,2,194
28223fc3,36e9439c-e,4,320.67,50,160.34,1,2024-11-10,2024,11,10,3,230
54274aa6,ad73b872-2,2,427.29,5,405.93,1,2024-08-12,2024,8,12,1,54
ca58b84f,83292e34-7,2,396.76,5,376.92,4,2024-09-14,2024,9,14,2,60
bb351881,86a55194-0,6,61.37,20,49.1,1,2024-01-10,2024,1,10,6,163
6dbd0f95,ab4ed7ce-a,4,200.57,15,170.48,3,2024-05-30,2024,5,30,4,127
29af7e68,aaefb8df-e,1,457.69,20,366.15,3,2024-06-13,2024,6,13,4,102
f85ad600,f07e1c4a-e,5,56.97,0,56.97,2,2024-04-24,2024,4,24,6,104
f49fc9d3,99c19952-1,2,289.27,15,245.88,0,2024-04-15,2024,4,15,1,106
b28f143f,093ae015-8,6,365.26,0,365.26,4,2024-01-21,2024,1,21,3,49
6184077e,081c5408-8,1,44.14,50,22.07,0,2024-09-15,2024,9,15,3,274
ac202a1f,6f9c6a73-0,0,32.7,5,31.07,1,2024-10-21,2024,10,21,1,180
01153d2e,2c6437d5-0,2,223.04,25,167.28,3,2024-08-31,2024,8,31,2,145
71205bd1,8d8504b9-2,1,256.64,10,230.98,1,2024-08-29,2024,8,29,4,103
23e8e15d,1943f09a-4,5,82.48,10,74.23,3,2024-07-03,2024,7,3,6,136
3ffa9cc6,8961518f-6,4,493.82,25,370.37,2,2024-11-14,2024,11,14,4,131
afbc0f86,1bb48f49-2,4,430.5,5,408.97,3,2024-04-07,2024,4,7,3,50
5fa7759a,ad3dd065-0,6,12.1,20,9.68,4,2024-03-23,2024,3,23,2,181
5d67c05b,23e94b32-e,5,474.41,0,474.41,4,2024-09-09,2024,9,9,1,28
d0032e78,9412f332-b,6,243.52,15,206.99,0,2024-01-22,2024,1,22,1,117
465c254b,d1db315e-8,5,394.83,20,315.86,3,2024-01-27,2024,1,27,2,98
45f92c91,cb403165-3,1,175.86,0,175.86,2,2024-08-18,2024,8,18,3,91
805c0b7d,4068c6cc-f,5,237.77,20,190.22,1,2024-04-04,2024,4,4,4,128
515fe1e7,759b4aed-d,1,143.21,5,136.05,1,2024-01-15,2024,1,15,1,115
ce69481e,f8103189-a,6,222.65,20,178.12,0,2024-04-01,2024,4,1,1,132
41889d65,26b7a7e9-d,5,348.18,0,348.18,2,2024-11-13,2024,11,13,6,80
3b85b7a7,e66a4d85-4,2,152.52,0,152.52,1,2024-01-15,2024,1,15,1,85
4c8e1f57,79a3bbca-d,1,448.26,30,313.78,2,2024-04-07,2024,4,7,3,127
cb429a91,0c60ae4e-f,2,459.22,10,413.3,3,2024-10-25,2024,10,25,0,87
33b289dd,16aa4a41-3,4,432.11,10,388.9,1,2024-03-04,2024,3,4,1,68
997c274b,e53da9e7-5,2,320.98,10,288.88,2,2024-01-02,2024,1,2,5,90
8abeed6e,1d60b62b-e,5,104.47,10,94.02,1,2024-08-20,2024,8,20,5,124
7210a0d9,13d2a56c-7,5,249.4,30,174.58,4,2024-04-21,2024,4,21,3,155
5f0349f1,16d121ec-a,1,39.02,25,29.27,0,2024-05-03,2024,5,3,0,201
bbb253a1,b80cc9c3-a,5,185.53,15,157.7,4,2024-08-15,2024,8,15,4,130
22dccae1,f7e0f6f0-f,2,463.55,15,394.02,1,2024-03-09,2024,3,9,2,73
effad494,efd11390-1,3,277.05,25,207.79,2,2024-02-11,2024,2,11,3,134
900e8f32,19603713-f,5,159.03,20,127.22,0,2024-02-27,2024,2,27,5,150
b38271c7,7c2e02c5-f,4,53.69,25,40.27,1,2024-07-07,2024,7,7,3,181
e1b810f9,e359b315-2,5,350.46,5,332.94,3,2024-10-25,2024,10,25,0,96
96bf93b2,42fdf304-9,5,358.64,5,340.71,3,2024-09-04,2024,9,4,6,62
efb78e51,9d0e8539-f,1,33.8,30,23.66,4,2024-02-19,2024,2,19,1,208
4b510e17,f0095bdf-b,4,188.8,10,169.92,4,2024-08-16,2024,8,16,0,113
b5cfa655,c0ecbccc-e,5,178.75,15,151.94,3,2024-11-01,2024,11,1,0,158
68412b52,10c04914-7,6,185.17,0,185.17,0,2024-09-14,2024,9,14,2,82
146e7249,5d4c0577-0,5,417.51,0,417.51,1,2024-09-17,2024,9,17,5,36
a3880ba0,58aa2a00-6,1,407.59,50,203.79,3,2024-09-13,2024,9,13,0,200
884075e5,575b7120-d,0,230.14,20,184.11,1,2024-09-04,2024,9,4,6,156
2e31f938,e3135ee0-b,0,207.06,30,144.94,3,2024-01-18,2024,1,18,4,184
48cf349d,dcce0ed9-3,3,166.69,15,141.69,2,2024-08-30,2024,8,30,0,134
c6a0ee2a,2e82b12b-e,3,476.53,15,405.05,0,2024-06-22,2024,6,22,2,74
618b72c3,9083dac4-8,0,420.41,0,420.41,2,2024-04-29,2024,4,29,1,59
0041710c,a9b75daf-4,1,408.9,5,388.45,0,2024-05-26,2024,5,26,3,66
5aa04d8b,9b2eb9f8-b,2,311.9,0,311.9,4,2024-03-10,2024,3,10,3,61
1a29d6ef,a604afd7-c,3,160.11,30,112.08,0,2024-10-23,2024,10,23,6,211
e44a3f1b,98bb0634-3,6,100.64,15,85.54,0,2024-03-31,2024,3,31,3,145
b13d6803,4c5d05af-4,2,79.12,5,75.16,4,2024-08-17,2024,8,17,2,114
efd66d9f,10f9fb68-2,6,115.23,25,86.42,4,2024-07-26,2024,7,26,0,172
635f84d0,b8265a41-6,2,212.08,10,190.87,1,2024-07-14,2024,7,14,3,111
76b1b3ab,3ad00ebe-5,5,25.95,15,22.06,2,2024-11-18,2024,11,18,1,188
29f39439,61a89e00-6,6,336.87,0,336.87,2,2024-11-08,2024,11,8,0,82
420ef393,5c344e7e-8,0,43.47,50,21.73,1,2024-11-13,2024,11,13,6,315
0eae163d,fdb8a7f4-c,3,185.53,20,148.42,1,2024-05-25,2024,5,25,2,143
f9ff1a48,7586ecdc-5,2,483.62,5,459.44,4,2024-08-23,2024,8,23,0,37
4c3cdcb6,1bbfa35f-1,5,30.28,30,21.2,1,2024-03-09,2024,3,9,2,204
1cbd0192,9c4d9173-9,1,482.52,5,458.39,1,2024-05-19,2024,5,19,3,51
86ee4f1e,3a0742ad-c,6,359.32,0,359.32,4,2024-07-05,2024,7,5,0,45
2736921c,80655c44-1,6,386.46,30,270.52,1,2024-07-08,2024,7,8,1,134
24615a11,fcd5caf1-3,1,36.34,50,18.17,0,2024-04-08,2024,4,8,1,268
6a2e43c7,c1a2396c-c,6,328.64,25,246.48,4,2024-02-14,2024,2,14,6,134
e8f282f4,bf0e5aab-7,4,141.52,20,113.22,4,2024-07-24,2024,7,24,6,152
084d1679,ae8de22c-f,5,310.66,50,155.33,1,2024-04-28,2024,4,28,3,203
851ee140,a4397891-6,5,311.01,5,295.46,4,2024-01-02,2024,1,2,5,70
f519fe50,0e60eaee-3,6,60.79,20,48.63,1,2024-05-21,2024,5,21,5,168
3ca822ba,2b2e8a4f-7,4,252.0,30,176.4,3,2024-01-05,2024,1,5,0,156
56cc761e,023a6d02-4,2,213.0,25,159.75,0,2024-11-16,2024,11,16,2,178
3c8bd82b,d41b9799-8,3,191.77,25,143.83,4,2024-09-24,2024,9,24,5,161
a7cae661,ec04ee8b-b,2,239.31,10,215.38,4,2024-05-14,2024,5,14,5,106
e0cfaad0,58f0bb2e-0,4,212.42,50,106.21,2,2024-02-03,2024,2,3,2,228
cd442b59,3f5fd069-8,1,209.08,5,198.63,4,2024-08-06,2024,8,6,5,98
c66e0a5f,634aa8eb-d,2,394.82,0,394.82,1,2024-10-17,2024,10,17,4,73
65fc7b42,c11cf3e8-4,4,305.94,5,290.64,0,2024-08-07,2024,8,7,6,70
b4391d08,27d825b4-e,4,390.66,15,332.06,2,2024-11-21,2024,11,21,4,112
c250ce58,0a113398-3,0,402.97,50,201.49,4,2024-07-27,2024,7,27,2,206
05619162,06506e6c-8,0,280.99,30,196.69,4,2024-02-07,2024,2,7,6,172
8e9b857f,dee40ad7-9,5,309.55,10,278.6,1,2024-06-02,2024,6,2,3,93
2f2e35cd,bd32ad96-9,0,471.41,25,353.56,0,2024-05-20,2024,5,20,1,122
e9786a6d,ad922c38-1,5,46.48,0,46.48,3,2024-06-29,2024,6,29,2,114
22ce90f0,253d232c-e,0,338.0,0,338.0,3,2024-03-10,2024,3,10,3,73
758b36b9,0e16bb68-d,4,171.64,20,137.31,3,2024-08-14,2024,8,14,6,146
b77c1e26,6a198ec0-3,4,488.06,15,414.85,3,2024-03-24,2024,3,24,3,68
fa0755c1,a80e01a6-4,3,334.67,50,167.34,3,2024-03-09,2024,3,9,2,205
dcf4a9c1,87786ea9-7,2,448.02,30,313.61,4,2024-06-20,2024,6,20,4,115
a453276f,1f7ef990-f,2,424.33,5,403.11,0,2024-10-29,2024,10,29,5,78
fb93fc53,9febb427-c,5,56.69,25,42.52,4,2024-03-12,2024,3,12,5,183
be4d0858,87f0d140-4,5,431.13,50,215.56,3,2024-01-22,2024,1,22,1,186
44898eb5,c756485e-5,2,353.93,0,353.93,3,2024-07-31,2024,7,31,6,45
f3bd0c9c,7c8cb492-9,6,54.61,0,54.61,4,2024-09-30,2024,9,30,1,104
a3609e3a,bf6ca00b-4,4,90.79,0,90.79,3,2024-07-15,2024,7,15,1,105
e2a4a7db,97f6e07b-a,0,424.21,30,296.95,1,2024-09-06,2024,9,6,0,141
8971789f,c46ba7fb-a,0,45.8,25,34.35,2,2024-09-17,2024,9,17,5,206
68f22075,d00045a5-7,6,301.6,20,241.28,2,2024-10-22,2024,10,22,5,146
ed4b302d,ecd83830-9,4,241.97,10,217.77,0,2024-07-17,2024,7,17,6,105
6de2894e,91e28e7b-b,1,335.84,5,319.05,3,2024-07-09,2024,7,9,5,73
723b2af2,68c330d6-1,5,317.46,0,317.46,0,2024-01-20,2024,1,20,2,61
2c36db95,8a241150-c,2,53.79,5,51.1,1,2024-03-11,2024,3,11,1,125
194aa278,d3076535-1,0,459.39,30,321.57,0,2024-07-06,2024,7,6,2,134
3575e317,e0b93f87-1,4,175.33,20,140.26,3,2024-05-25,2024,5,25,2,141
787738ba,956bb0df-7,0,69.77,30,48.84,4,2024-08-30,2024,8,30,0,221
104bedf9,5dfd69d9-d,0,157.11,10,141.4,3,2024-09-12,2024,9,12,4,139
7d92827a,df2752c8-3,0,102.7,30,71.89,1,2024-08-09,2024,8,9,0,207
22d18844,2f19e634-2,2,312.85,25,234.64,3,2024-07-22,2024,7,22,1,127
2f96ad99,75c9c188-a,2,317.59,30,222.31,4,2024-04-18,2024,4,18,4,145
63536a72,eff5b46d-f,0,218.68,10,196.81,1,2024-02-04,2024,2,4,3,129
751c5619,e436cd21-e,5,56.45,50,28.23,3,2024-02-08,2024,2,8,4,260
b07dfbd1,7d443016-7,0,85.54,25,64.16,1,2024-07-11,2024,7,11,4,200
f7126ee5,c6e8e685-2,6,200.44,50,100.22,4,2024-11-18,2024,11,18,1,263
0bade6a5,7f815c17-f,3,132.23,25,99.17,3,2024-02-13,2024,2,13,5,171
9b48b7a6,41de6e0b-3,5,217.61,10,195.85,2,2024-02-14,2024,2,14,6,107
0df32f0e,921d4f13-4,1,227.44,10,204.7,3,2024-05-14,2024,5,14,5,112
fa628d2b,8432da61-7,3,154.15,20,123.32,0,2024-08-21,2024,8,21,6,148
ed518f41,d19df4c1-7,1,19.42,0,19.42,4,2024-06-21,2024,6,21,0,121
ddcb54d3,eb72dd01-6,4,423.01,5,401.86,3,2024-01-31,2024,1,31,6,45
3c71e319,4fc43503-b,3,352.47,0,352.47,3,2024-06-25,2024,6,25,5,46
95517d12,5c194e4d-5,1,323.85,50,161.93,1,2024-11-16,2024,11,16,2,247
1886386b,8583655b-4,2,96.34,20,77.07,1,2024-03-17,2024,3,17,3,156
00333c7a,77eebc88-5,6,11.54,25,8.65,1,2024-05-07,2024,5,7,5,190
1ddc65f3,dc145f91-a,0,376.52,0,376.52,0,2024-01-07,2024,1,7,3,60
a2cffcc6,75d4498d-1,3,258.91,25,194.18,0,2024-05-08,2024,5,8,6,142
f3e197f3,4aab29e2-f,5,209.44,30,146.61,4,2024-04-03,2024,4,3,6,171
6bd8fa3a,aacdd2c4-c,0,489.9,10,440.91,3,2024-05-03,2024,5,3,0,67
1a2e9e50,d1247110-6,0,371.81,50,185.91,2,2024-02-27,2024,2,27,5,214
9e55c4c9,8227ea90-9,6,40.04,0,40.04,1,2024-03-01,2024,3,1,0,114
ee2735fb,4a86d1fb-3,5,384.6,5,365.37,4,2024-03-02,2024,3,2,2,53
4c20ca93,2f32fabd-6,1,259.47,15,220.55,1,2024-02-25,2024,2,25,3,126
f06f2d9e,8b31adf8-f,5,483.34,5,459.17,4,2024-03-28,2024,3,28,4,40
93ff499d,cd056501-f,6,253.19,5,240.53,2,2024-05-23,2024,5,23,4,82
464108ea,2c009751-7,6,419.4,50,209.7,2,2024-05-19,2024,5,19,3,191
1ec05b76,c3862bfa-7,4,245.52,20,196.42,2,2024-10-29,2024,10,29,5,164
775596cf,f2a45064-4,2,280.31,10,252.28,4,2024-07-12,2024,7,12,0,92
771b6628,7deb0c35-a,5,67.67,50,33.84,3,2024-06-27,2024,6,27,4,255
d6e6e405,3f2757b0-5,4,364.44,20,291.55,2,2024-01-14,2024,1,14,3,112
0b010741,b072608e-d,1,44.29,10,39.86,3,2024-09-11,2024,9,11,6,151
8566ac6e,d86224a6-5,0,461.31,30,322.92,4,2024-01-04,2024,1,4,4,138
fdc30694,c157dce7-a,6,473.17,10,425.85,0,2024-09-19,2024,9,19,4,57
84ad9f2a,c77431bc-6,4,133.49,50,66.75,4,2024-09-28,2024,9,28,2,245
56949334,680206e7-9,2,430.32,15,365.77,2,2024-05-23,2024,5,23,4,83
15eb948c,35c9ea9d-e,5,466.36,0,466.36,2,2024-01-21,2024,1,21,3,22
e8e7e07b,8298b8bb-a,3,274.4,25,205.8,0,2024-02-04,2024,2,4,3,143
02fb8772,ee387572-7,1,29.3,0,29.3,3,2024-06-18,2024,6,18,5,125
a7e884cf,50e481c0-5,5,122.96,15,104.52,0,2024-07-18,2024,7,18,4,138
a55c61e9,17c41fd0-2,0,333.18,10,299.86,2,2024-04-16,2024,4,16,5,101
82e33f7e,d831b4b9-c,1,221.69,5,210.61,1,2024-07-25,2024,7,25,4,105
5a9a1268,889d5066-d,6,250.53,10,225.48,3,2024-11-21,2024,11,21,4,131
4e1df27e,903cb2e0-3,3,135.86,15,115.48,0,2024-01-27,2024,1,27,2,135
72f4df65,e39375fe-c,3,225.4,15,191.59,2,2024-04-02,2024,4,2,5,119
04ef2f48,7121fc95-b,1,172.45,0,172.45,1,2024-01-09,2024,1,9,5,94
ae1b0a5d,adfc7a07-5,5,89.42,5,84.95,2,2024-03-20,2024,3,20,6,114
eabb8e22,a55367ed-0,0,488.14,50,244.07,2,2024-02-16,2024,2,16,0,196
ca48ec71,efa8cfb9-7,3,107.61,25,80.71,4,2024-04-04,2024,4,4,4,178
be753111,925e172b-3,6,463.05,15,393.59,1,2024-05-10,2024,5,10,0,68
4afdef19,b52f485a-a,1,304.57,5,289.34,3,2024-01-08,2024,1,8,1,87
02dde509,4ae93dc1-f,3,32.78,30,22.95,1,2024-05-30,2024,5,30,4,207
c1b4c7e7,e4c4fb8c-b,5,56.83,30,39.78,1,2024-07-25,2024,7,25,4,201
f8578999,edb15fad-1,4,158.57,25,118.93,4,2024-01-01,2024,1,1,1,158
4432a8ba,5c4eb084-f,6,251.72,5,239.13,2,2024-08-31,2024,8,31,2,88
ca6f4f5a,51a993a4-f,0,10.09,15,8.58,0,2024-05-11,2024,5,11,2,179
5b8004ef,228f3945-3,6,303.28,0,303.28,3,2024-06-24,2024,6,24,1,61
6c1cdb51,7c30f0b9-c,3,312.92,15,265.98,2,2024-10-18,2024,10,18,0,132
9e52ea4b,319ec9d3-3,4,402.85,15,342.42,1,2024-03-02,2024,3,2,2,83
7319919d,8701783e-b,4,70.44,25,52.83,1,2024-02-25,2024,2,25,3,179
9db42c1b,d8d5bbee-a,0,181.51,15,154.28,2,2024-10-31,2024,10,31,4,178
dd556e28,9bed94c1-4,6,448.07,0,448.07,0,2024-06-01,2024,6,1,2,31
a140c968,cdb2d37a-5,1,211.53,30,148.07,0,2024-10-25,2024,10,25,0,202
e8db0cc2,fd629be3-9,4,196.14,25,147.1,4,2024-07-12,2024,7,12,0,158
38007c77,b7c4ad12-d,4,295.8,0,295.8,2,2024-08-21,2024,8,21,6,57
c75e521c,9049ae69-3,1,362.26,0,362.26,3,2024-06-08,2024,6,8,2,55
8c8f2810,6acff5a9-7,5,188.56,15,160.28,2,2024-06-15,2024,6,15,2,131
6f386cf8,6f64c12e-e,5,308.79,25,231.59,3,2024-05-22,2024,5,22,6,128
11c8bf8b,5055970f-f,6,53.1,50,26.55,4,2024-04-16,2024,4,16,5,264
c6619369,c21445bf-b,6,204.25,20,163.4,1,2024-05-27,2024,5,27,1,143
687a8ef9,e6dbc8e3-b,2,117.23,0,117.23,4,2024-04-11,2024,4,11,4,93
add87525,3e468113-f,4,156.3,0,156.3,4,2024-07-17,2024,7,17,6,84
480be977,76aa1ea0-8,4,486.62,30,340.63,3,2024-08-19,2024,8,19,1,108
52b0c046,e94fcef7-e,0,221.1,5,210.04,2,2024-01-30,2024,1,30,5,105
17935504,96dad3eb-2,0,377.15,0,377.15,2,2024-01-17,2024,1,17,6,66
6bfea417,402f8310-9,2,198.3,30,138.81,4,2024-02-27,2024,2,27,5,167
25f8c79a,cc29b70c-9,3,450.82,5,428.28,1,2024-07-18,2024,7,18,4,41
2f07538e,564328a3-b,0,214.8,25,161.1,3,2024-06-24,2024,6,24,1,172
ef989073,d041bc6d-6,2,178.58,50,89.29,1,2024-02-04,2024,2,4,3,236
746e7b01,190f2c5a-4,5,237.9,30,166.53,2,2024-06-12,2024,6,12,6,165
e597f5d5,d5415a88-b,0,34.93,50,17.46,4,2024-04-29,2024,4,29,1,286
a65c3d6a,31b244c4-e,2,64.64,50,32.32,0,2024-03-23,2024,3,23,2,255
37610673,3154eee7-f,6,170.08,50,85.04,3,2024-11-13,2024,11,13,6,264
89c70f36,a5cfe885-e,0,276.05,10,248.45,0,2024-02-22,2024,2,22,4,110
53ac6649,39fae33a-1,0,48.61,25,36.46,3,2024-06-15,2024,6,15,2,210
dd3d04ab,d44a2095-d,6,367.32,20,293.86,3,2024-06-09,2024,6,9,3,109
415b6195,939d5107-f,3,34.09,20,27.27,2,2024-03-19,2024,3,19,5,175
a99176d1,364eca44-2,2,468.37,15,398.11,4,2024-07-02,2024,7,2,5,68
9fe834ec,0a7f521e-d,0,358.01,5,340.11,3,2024-08-08,2024,8,8,4,88
cd11f9ff,d3cf0826-b,4,131.56,30,92.09,2,2024-02-03,2024,2,3,2,186
a8e5730c,1f32d8cc-c,1,123.61,15,105.07,1,2024-08-23,2024,8,23,0,147
957b2713,a99dea2b-5,6,263.15,5,249.99,3,2024-08-11,2024,8,11,3,85
3fb7980a,d8eb9263-5,2,333.61,10,300.25,1,2024-10-31,2024,10,31,4,109
8fa5d77d,38cf2d1c-5,1,285.17,0,285.17,1,2024-08-03,2024,8,3,2,76
7de5db7c,4c7f1e50-b,6,494.04,5,469.34,1,2024-04-23,2024,4,23,5,39
01d6ef4f,842ffe80-1,2,405.3,20,324.24,3,2024-04-16,2024,4,16,5,100
61b0a56f,293a38fe-d,2,450.5,5,427.97,2,2024-07-20,2024,7,20,2,47
d81b895d,37d5ff11-d,6,342.2,30,239.54,4,2024-05-05,2024,5,5,3,140
4176fef0,b1877937-7,5,141.64,50,70.82,0,2024-04-29,2024,4,29,1,246
a669be47,a700768e-1,1,420.46,5,399.44,0,2024-02-22,2024,2,22,4,65
fc38d815,1e2d8f24-1,1,154.85,30,108.39,4,2024-11-09,2024,11,9,2,215
526f0441,a2638fa2-0,6,14.98,50,7.49,3,2024-09-30,2024,9,30,1,269
192f4b21,2dc07f56-1,3,222.53,30,155.77,1,2024-02-01,2024,2,1,4,165
6f0b1b90,531dde67-e,3,469.59,10,422.63,1,2024-06-29,2024,6,29,2,58
13c26270,8546c4a0-9,3,159.68,30,111.78,2,2024-07-29,2024,7,29,1,183
21e0291a,56e92b46-5,2,332.28,5,315.67,0,2024-02-17,2024,2,17,2,67
7c026f97,b8db29c2-8,2,43.45,25,32.59,3,2024-02-22,2024,2,22,4,190
2cac4c48,d36761e5-d,4,189.9,15,161.41,1,2024-01-13,2024,1,13,2,123
04549848,54a76b2a-1,2,469.25,15,398.86,3,2024-04-25,2024,4,25,4,71
486bec14,cf82e4f9-e,4,176.77,0,176.77,4,2024-06-21,2024,6,21,0,83
2c5dc3ec,8df2d84a-8,4,50.18,50,25.09,3,2024-07-30,2024,7,30,5,258
104cbed3,7ce62017-e,3,472.29,0,472.29,2,2024-04-19,2024,4,19,0,20
f2958613,570d72b8-e,1,168.18,5,159.77,1,2024-07-27,2024,7,27,2,107
3ddad16f,3230bb6d-2,2,302.29,10,272.06,0,2024-02-27,2024,2,27,5,91
b3801e1b,cc0deb02-8,6,229.69,25,172.27,4,2024-08-21,2024,8,21,6,146
caf9113b,a4d482bc-d,5,39.88,5,37.89,1,2024-06-09,2024,6,9,3,131
9795e31b,23f814dd-0,2,487.58,15,414.44,2,2024-04-28,2024,4,28,3,64
32196cbd,26fe9d8a-2,0,435.68,0,435.68,3,2024-09-03,2024,9,3,5,54
c9e6f7ce,8851dc3a-b,0,246.05,30,172.23,4,2024-01-11,2024,1,11,4,182
858696b6,8c3a1e6d-f,6,354.39,10,318.95,2,2024-11-07,2024,11,7,4,105
7b0c5a76,c908ffae-d,4,429.88,25,322.41,1,2024-07-21,2024,7,21,3,111
6266c8eb,1204b685-8,0,382.0,20,305.6,4,2024-09-02,2024,9,2,1,128
32001e61,cfdde875-f,5,358.92,30,251.24,0,2024-03-26,2024,3,26,5,133
69436d0b,6bab26fc-f,5,299.6,25,224.7,2,2024-04-25,2024,4,25,4,135
560370a9,fe92f8a3-b,0,399.82,50,199.91,2,2024-01-14,2024,1,14,3,212
3d46ebd4,e33efac7-7,4,493.1,25,369.83,3,2024-07-18,2024,7,18,4,93
3f68ed08,f01054be-4,4,367.95,30,257.56,4,2024-05-06,2024,5,6,1,138
878d3714,b41deede-e,3,24.9,10,22.41,4,2024-04-02,2024,4,2,5,140
69ca6114,08e2216f-5,0,271.48,50,135.74,0,2024-05-30,2024,5,30,4,240
bb9c024b,4f2ee81f-b,6,196.43,15,166.97,3,2024-01-02,2024,1,2,5,130
99776807,83154e70-7,3,158.88,5,150.94,3,2024-09-27,2024,9,27,0,106
312114bd,82a78612-e,2,79.33,20,63.46,4,2024-08-13,2024,8,13,5,169
21bb3317,434c53a0-b,0,82.45,0,82.45,2,2024-07-06,2024,7,6,2,126
9e6fdcc2,42d95dd7-9,0,120.64,0,120.64,2,2024-11-09,2024,11,9,2,144
c5a98dc4,76255c12-3,1,41.21,0,41.21,1,2024-07-03,2024,7,3,6,125
c8d53642,bac908ce-6,0,57.34,20,45.87,0,2024-08-15,2024,8,15,4,186
92770171,53007736-c,5,339.34,15,288.44,3,2024-05-13,2024,5,13,1,102
731fda80,e61f1ff4-c,2,204.21,15,173.58,3,2024-02-17,2024,2,17,2,124
e8ac7f4d,a536d3c3-c,6,338.65,30,237.05,2,2024-02-24,2024,2,24,2,143
96aad22f,ce2e6997-2,5,489.79,50,244.9,0,2024-04-15,2024,4,15,1,171
b17f30e1,59529419-b,2,109.25,5,103.79,1,2024-09-24,2024,9,24,5,118
a51af881,cb7235e5-6,2,51.45,15,43.73,0,2024-01-14,2024,1,14,3,158
d7517ae4,bc9dfe4a-6,3,335.99,20,268.79,3,2024-05-09,2024,5,9,4,115
360ae88b,0950f467-5,2,330.38,15,280.82,3,2024-10-27,2024,10,27,3,125
40d718b5,69c85c6c-4,3,131.14,5,124.58,3,2024-06-19,2024,6,19,6,109
932c8bf3,19394d50-9,0,70.91,10,63.82,2,2024-01-31,2024,1,31,6,159
998e790d,06057d1a-1,2,60.45,20,48.36,4,2024-04-23,2024,4,23,5,171
4d056465,9f25d201-2,0,15.53,10,13.98,4,2024-04-25,2024,4,25,4,171
316d6899,3f521c90-8,5,73.02,15,62.07,1,2024-10-06,2024,10,6,3,179
ff119d8e,db03816d-5,0,145.2,15,123.42,2,2024-11-15,2024,11,15,0,186
05b592f1,b5b87c28-8,6,169.63,0,169.63,3,2024-11-06,2024,11,6,6,112
d17ea8e2,b6a495f7-3,1,298.89,0,298.89,1,2024-01-24,2024,1,24,6,68
8033eca7,88463def-0,6,44.62,50,22.31,2,2024-06-26,2024,6,26,6,257
8d3641c7,cd387cb1-7,3,141.65,50,70.83,4,2024-10-20,2024,10,20,3,272
64b8eba5,d434ef75-f,0,68.93,10,62.04,0,2024-09-26,2024,9,26,4,152
ff482f56,5c71109f-d,1,466.55,25,349.91,3,2024-11-20,2024,11,20,6,146
91a63275,1a4d08fc-9,1,363.65,25,272.74,3,2024-05-15,2024,5,15,6,127
551a42ec,69e5ece3-0,3,332.45,50,166.22,4,2024-06-04,2024,6,4,5,206
ac582370,a0aee878-0,0,70.54,30,49.38,3,2024-09-11,2024,9,11,6,210
c5a6ecbd,dde8b508-8,2,419.78,20,335.82,4,2024-08-08,2024,8,8,4,98
b85d890a,78c2c072-a,1,229.55,15,195.12,0,2024-11-02,2024,11,2,2,155
4f915eae,18dbb72e-4,0,352.62,0,352.62,1,2024-04-27,2024,4,27,2,71
0a017e5a,f9e78c04-0,2,291.47,15,247.75,0,2024-07-14,2024,7,14,3,103
e86cf289,bab0e53c-1,1,283.16,30,198.21,4,2024-04-26,2024,4,26,0,163
dc5953be,d8f5d269-b,6,191.38,15,162.67,3,2024-01-23,2024,1,23,5,123
36cd4e86,3d9f2988-2,6,342.06,15,290.75,2,2024-03-30,2024,3,30,2,97
f007a18c,17e4ef98-9,0,161.34,0,161.34,4,2024-02-29,2024,2,29,4,111
fa0641b0,eca7c8f5-7,5,65.76,10,59.18,2,2024-09-06,2024,9,6,0,139
4c8025bd,b25e6146-5,4,479.55,50,239.78,3,2024-03-13,2024,3,13,6,170
ff985431,873a1c84-4,4,38.91,50,19.45,3,2024-07-23,2024,7,23,5,261
348cf1e9,f0aa6c04-d,0,110.36,30,77.25,1,2024-09-14,2024,9,14,2,207
1c4f3915,f1d4ba1b-c,3,249.3,5,236.84,0,2024-09-22,2024,9,22,3,83
1b0d38af,24762d59-0,3,211.9,15,180.12,0,2024-10-05,2024,10,5,2,150
d627f474,99bb9054-c,6,442.51,0,442.51,1,2024-11-01,2024,11,1,0,59
6b1202f1,2ae18f21-9,6,315.06,25,236.3,3,2024-01-19,2024,1,19,0,127
d1574c62,2a124c4b-6,0,343.3,30,240.31,3,2024-03-30,2024,3,30,2,159
0a3a6c62,96122269-e,3,283.44,15,240.92,4,2024-06-16,2024,6,16,3,113
952255c3,c7e00823-9,4,370.42,30,259.29,4,2024-07-13,2024,7,13,2,130
194fe55b,b902f571-4,0,196.54,0,196.54,2,2024-10-21,2024,10,21,1,130
519d967d,1251f351-5,0,135.73,15,115.37,2,2024-08-27,2024,8,27,5,152
f1f41f6b,0de4281d-7,2,129.34,15,109.94,0,2024-08-30,2024,8,30,0,143
1b4d6975,27bd0cd5-0,1,35.85,10,32.27,1,2024-08-15,2024,8,15,4,152
c7be3edf,43adcdc7-3,0,247.91,20,198.33,0,2024-01-12,2024,1,12,0,145
71b9e86e,7ffbe709-f,4,343.77,30,240.64,3,2024-04-01,2024,4,1,1,141
dd2c6eea,4c89d93f-f,4,219.9,0,219.9,2,2024-01-09,2024,1,9,5,80
ef63128f,af4922af-0,5,111.63,30,78.14,0,2024-04-26,2024,4,26,0,189
1e8db66c,097b7e8b-0,3,12.81,0,12.81,4,2024-02-28,2024,2,28,6,122
a95a20a0,d4f0c64c-7,6,42.07,15,35.76,3,2024-09-27,2024,9,27,0,152
5a406d56,506b541e-e,1,12.31,10,11.08,1,2024-09-09,2024,9,9,1,153
c22bfd43,d22cc472-c,6,117.78,10,106.0,3,2024-05-18,2024,5,18,2,124
0f083239,c5a7acf5-b,5,139.02,30,97.31,0,2024-01-18,2024,1,18,4,187
79fe00c9,033b7ee6-6,2,470.95,20,376.76,1,2024-01-02,2024,1,2,5,82
3f26e7ae,6a7a39f4-6,2,219.54,15,186.61,4,2024-04-22,2024,4,22,1,119
6b52b5c2,e6656e33-1,6,121.26,0,121.26,0,2024-05-30,2024,5,30,4,96
b4731c18,67eaf6d5-5,3,247.73,20,198.18,0,2024-10-14,2024,10,14,1,165
28b4e804,ca4b2436-d,1,96.82,5,91.98,1,2024-05-24,2024,5,24,0,120
6db9b785,5d23a21a-a,6,62.47,15,53.1,0,2024-08-15,2024,8,15,4,152
3980a7d0,27c69f35-a,2,367.66,20,294.13,0,2024-02-10,2024,2,10,2,103
a97b9cc2,4a2530fc-2,4,349.25,10,314.32,4,2024-08-02,2024,8,2,0,85
b11b4773,0e7f9e8d-a,2,130.8,25,98.1,2,2024-03-01,2024,3,1,0,172
d32ae048,8144b8b1-3,2,186.72,50,93.36,1,2024-07-31,2024,7,31,6,233
48868729,12685d60-d,4,364.33,30,255.03,4,2024-09-12,2024,9,12,4,141
b1c9cd33,6cc3bafb-d,6,442.58,5,420.45,3,2024-06-25,2024,6,25,5,42
0110e242,8e083444-0,4,114.99,5,109.24,1,2024-04-08,2024,4,8,1,108
1f77f62c,d6bdabc8-0,4,239.96,50,119.98,2,2024-07-11,2024,7,11,4,220
0ad19220,ef3686c3-d,4,105.15,5,99.89,3,2024-09-03,2024,9,3,5,108
1aad3236,78d1d70f-0,2,169.17,25,126.88,4,2024-10-16,2024,10,16,6,188
fa33e600,e812760e-5,6,102.19,15,86.86,0,2024-05-02,2024,5,2,4,147
4ea11ef1,dbd440a0-a,2,448.45,0,448.45,2,2024-10-17,2024,10,17,4,61
54b284dd,af9fe8b3-3,4,253.96,10,228.56,0,2024-04-23,2024,4,23,5,100
caba820c,5461a379-b,1,11.78,50,5.89,4,2024-11-06,2024,11,6,6,312
4086f63d,47a3946a-3,2,369.37,0,369.37,1,2024-10-24,2024,10,24,4,74
7d57d3b7,a5869197-0,2,428.52,50,214.26,1,2024-07-15,2024,7,15,1,180
d285d9d3,de597029-b,1,381.47,30,267.03,3,2024-10-10,2024,10,10,4,171
804674ae,523ad572-6,3,414.58,20,331.66,4,2024-02-18,2024,2,18,3,97
6142601c,b5aadce1-c,2,49.72,10,44.75,3,2024-03-18,2024,3,18,1,145
2af6136c,0244459e-1,6,51.29,30,35.9,3,2024-05-27,2024,5,27,1,204
460c3e00,65f8d376-1,5,309.46,0,309.46,2,2024-01-11,2024,1,11,4,55
608c2f04,e139b477-2,0,313.73,30,219.61,4,2024-02-20,2024,2,20,5,162
ef8a9fed,20c97f3f-3,1,272.64,20,218.11,0,2024-11-17,2024,11,17,3,167
8703e247,5bcb7043-d,4,267.6,20,214.08,3,2024-02-19,2024,2,19,1,125
9d8bead6,2bed8c90-3,0,498.34,5,473.42,3,2024-11-17,2024,11,17,3,84
68709475,af4eb230-a,6,161.07,10,144.96,4,2024-03-29,2024,3,29,0,122
c222c42b,cb999c1d-3,1,282.59,25,211.94,3,2024-03-21,2024,3,21,4,146
57435261,f4a3e8cd-0,4,270.51,25,202.88,0,2024-11-04,2024,11,4,1,170
fa900887,87e3f91f-e,0,486.77,30,340.74,0,2024-06-10,2024,6,10,1,129
4658f0ae,499bf772-5,1,70.29,25,52.72,3,2024-04-06,2024,4,6,2,193
d9b27cae,9f3b277a-9,5,286.09,25,214.57,1,2024-09-23,2024,9,23,1,136
23b03fac,df454d33-a,0,15.28,20,12.22,4,2024-11-13,2024,11,13,6,223
b97ada3e,ad544888-c,6,493.29,25,369.97,2,2024-11-17,2024,11,17,3,131
4d481030,0461bb46-9,4,499.03,50,249.51,3,2024-04-24,2024,4,24,6,165
fca884d2,ec298b70-1,6,55.74,20,44.59,4,2024-01-24,2024,1,24,6,172
d5762773,b06f4427-0,3,39.08,0,39.08,2,2024-06-13,2024,6,13,4,112
4d2c701a,d6fd4ffa-b,1,184.5,0,184.5,2,2024-10-18,2024,10,18,0,119
9d75a469,21e66fb0-8,5,23.78,25,17.84,2,2024-05-05,2024,5,5,3,187
b848073a,1c5dc486-3,6,305.11,5,289.85,2,2024-08-28,2024,8,28,6,68
83ca1c02,b9a0b553-3,0,70.75,30,49.52,4,2024-03-10,2024,3,10,3,218
3bb68633,527c6afc-d,6,47.82,50,23.91,2,2024-02-25,2024,2,25,3,262
6c24cb73,29fd9f4c-2,3,315.17,0,315.17,1,2024-02-22,2024,2,22,4,52
888f0c0c,9dd6fa49-2,4,391.15,30,273.8,1,2024-08-21,2024,8,21,6,136
e38b857a,fa9b0c94-c,4,208.82,0,208.82,0,2024-04-13,2024,4,13,2,80
f88d9ff6,898d3b83-7,2,167.14,10,150.43,0,2024-11-12,2024,11,12,5,149
044aec61,3bac057e-7,6,103.58,30,72.51,1,2024-03-30,2024,3,30,2,184
8f328c6a,4c32a366-9,2,330.62,30,231.43,3,2024-02-19,2024,2,19,1,142
088e7c77,a599e26a-7,6,332.62,20,266.1,4,2024-10-07,2024,10,7,1,145
bc9e7036,2d6d02c8-3,3,378.56,10,340.7,4,2024-10-11,2024,10,11,0,109
9c15f01a,a57d6d95-d,6,316.26,0,316.26,2,2024-04-04,2024,4,4,4,52
ec2e8c2b,9f8a2ddf-4,4,342.44,20,273.95,3,2024-10-23,2024,10,23,6,139
7a0ac843,1cc77022-7,0,397.84,30,278.49,3,2024-10-13,2024,10,13,3,181
d90a3d96,1754a1c2-0,3,108.21,10,97.39,1,2024-10-10,2024,10,10,4,155
e03f2fdc,39dbd736-8,4,18.66,0,18.66,4,2024-04-18,2024,4,18,4,115
21946755,75b4dee8-f,0,409.47,30,286.63,2,2024-09-22,2024,9,22,3,150
82df795e,21cd54a6-b,4,173.97,30,121.78,3,2024-11-11,2024,11,11,1,209
5dee981a,fe8c0849-5,0,168.6,15,143.31,1,2024-05-08,2024,5,8,6,148
3e68b451,40253e54-c,4,339.21,10,305.29,1,2024-07-14,2024,7,14,3,80
e03911fb,bdcbf1db-5,3,285.03,25,213.77,2,2024-07-29,2024,7,29,1,140
aacab2f6,3aae97ce-e,6,248.35,0,248.35,2,2024-06-25,2024,6,25,5,71
041ccaac,397a849e-9,4,457.3,0,457.3,3,2024-05-16,2024,5,16,4,23
c8c57043,5e8d2fa4-b,0,473.99,30,331.79,1,2024-05-26,2024,5,26,3,133
bbcfa0fc,fbe0711d-8,4,374.73,15,318.52,0,2024-06-21,2024,6,21,0,88
4e5efb67,f48ee0b6-4,1,98.06,0,98.06,2,2024-07-29,2024,7,29,1,113
04b3b0ae,3153fc70-c,5,96.7,15,82.19,3,2024-01-13,2024,1,13,2,145
c18db35e,df647eab-1,5,242.2,30,169.54,1,2024-10-10,2024,10,10,4,194
e021ffd9,1094a34f-c,4,68.81,25,51.61,0,2024-02-20,2024,2,20,5,181
5f605a18,06e64a6d-9,4,279.24,50,139.62,1,2024-03-13,2024,3,13,6,214
5f7fa070,5256329a-b,3,157.2,10,141.48,1,2024-05-29,2024,5,29,6,117
d995d10a,94d1d4e5-8,5,100.84,20,80.67,0,2024-03-10,2024,3,10,3,158
dd88caa9,346ca473-d,5,475.29,25,356.47,0,2024-03-07,2024,3,7,4,95
931db1ae,c0b2e627-a,4,354.3,25,265.73,1,2024-01-16,2024,1,16,5,126
d609c578,e86bbd6a-c,3,411.94,0,411.94,0,2024-05-22,2024,5,22,6,39
5f28d20d,9e362869-e,4,394.76,25,296.07,3,2024-03-28,2024,3,28,4,121
9ab109a6,14f61c03-2,0,145.13,25,108.85,1,2024-06-13,2024,6,13,4,180
72d22971,d415a5a0-0,4,357.28,10,321.55,0,2024-01-22,2024,1,22,1,80
0bfeb002,13e61b83-0,3,471.26,15,400.57,4,2024-09-16,2024,9,16,1,69
eb8345db,0a207bc4-2,4,266.52,20,213.22,4,2024-05-06,2024,5,6,1,122
cb22dc9d,966fffa4-8,2,424.42,5,403.2,2,2024-11-21,2024,11,21,4,76
8e766f32,73b70ac2-6,6,340.82,0,340.82,2,2024-05-23,2024,5,23,4,51
2db259c4,e4712712-5,2,14.61,5,13.88,4,2024-04-16,2024,4,16,5,137
33af27e1,1be08cb5-0,0,361.82,20,289.46,0,2024-11-08,2024,11,8,0,160
6f731519,26f79595-6,1,408.43,50,204.22,2,2024-05-04,2024,5,4,2,193
9e0d98a7,da3142f3-3,2,298.3,25,223.73,1,2024-10-20,2024,10,20,3,165
3a3e2372,1c112403-d,5,107.22,0,107.22,2,2024-06-08,2024,6,8,2,101
87347c2e,ea327b14-f,1,62.65,50,31.32,4,2024-05-10,2024,5,10,0,269
2e19e8b7,b5f17aa1-3,2,388.74,15,330.43,0,2024-10-17,2024,10,17,4,122
5ed3f96c,27f8c0d1-a,3,170.72,5,162.18,3,2024-05-19,2024,5,19,3,100
43dd49d4,616ab617-1,3,427.8,20,342.24,1,2024-08-11,2024,8,11,3,91
5e6c1d1c,1db0a0d7-d,5,172.15,0,172.15,0,2024-09-07,2024,9,7,2,87
1b4ce378,a45383ed-9,2,123.37,25,92.53,1,2024-06-26,2024,6,26,6,173
5a5e5be2,36253681-2,0,395.77,20,316.62,2,2024-02-20,2024,2,20,5,115
ee51a889,5211bcb4-4,3,326.73,15,277.72,3,2024-09-18,2024,9,18,6,102
3b6187d3,936b1b79-4,0,196.18,30,137.33,1,2024-07-11,2024,7,11,4,190
2d95c0e0,45eb8579-5,4,355.37,10,319.83,4,2024-01-08,2024,1,8,1,78
e6296714,3df45155-a,0,72.64,20,58.11,4,2024-03-21,2024,3,21,4,183
84e5815f,7b21851a-f,2,94.64,30,66.25,1,2024-03-31,2024,3,31,3,186
f3cc28a1,6f35afb4-0,5,363.85,5,345.66,2,2024-10-24,2024,10,24,4,96
74a79c20,3b81e1b0-2,0,182.2,30,127.54,1,2024-05-22,2024,5,22,6,195
4e2147a2,6f80640c-e,0,114.15,20,91.32,1,2024-01-29,2024,1,29,1,173
fdbb057a,c92cf5c0-2,2,135.7,15,115.34,4,2024-10-04,2024,10,4,0,162
4884a43e,dd4ab37f-9,0,421.02,25,315.76,2,2024-05-10,2024,5,10,0,126
a3636616,9f50736e-b,3,476.41,10,428.77,3,2024-05-06,2024,5,6,1,49
d8332547,d6e2737f-c,3,92.19,10,82.97,0,2024-01-03,2024,1,3,6,126
5ad47c7e,8b9e7563-e,2,258.6,15,219.81,3,2024-02-09,2024,2,9,0,116
9983f3fd,027fc4d8-d,2,154.47,5,146.75,2,2024-01-17,2024,1,17,6,99
89368ede,e31e4665-3,6,57.82,10,52.04,3,2024-01-28,2024,1,28,3,136
7fb18eb2,6bcafd23-8,0,493.56,30,345.49,4,2024-01-03,2024,1,3,6,135
a8fc7be9,94db1f71-4,6,92.41,50,46.2,3,2024-10-17,2024,10,17,4,281
bdd7eca6,468410b1-b,5,433.77,20,347.02,3,2024-09-03,2024,9,3,5,94
2e35be56,523b5770-d,5,368.86,50,184.43,0,2024-07-25,2024,7,25,4,192
a3de9f0e,c86217cd-2,2,227.2,20,181.76,1,2024-10-04,2024,10,4,0,164
31b3a467,a7f2a6e5-d,6,167.04,20,133.63,3,2024-08-24,2024,8,24,2,147
73e3bfdd,916c2bf4-7,0,129.27,15,109.88,2,2024-08-12,2024,8,12,1,163
29aa9b2f,f412ae56-7,2,434.22,25,325.67,2,2024-02-18,2024,2,18,3,112
ba0825d1,89e30633-9,0,397.35,10,357.62,2,2024-04-25,2024,4,25,4,86
6885f20e,ab9809e2-9,5,116.85,30,81.79,0,2024-10-02,2024,10,2,6,212
a4ae5a91,8b6956ef-0,5,356.66,5,338.83,1,2024-08-21,2024,8,21,6,67
ab62ed9e,e2ea7af7-9,0,202.5,50,101.25,4,2024-01-07,2024,1,7,3,250
c018f6d8,6ab73ad3-c,0,373.86,30,261.7,1,2024-05-28,2024,5,28,5,150
4515f435,a3592481-b,2,247.81,0,247.81,4,2024-07-07,2024,7,7,3,72
d45acca2,87a2c25d-1,4,298.05,5,283.15,1,2024-04-15,2024,4,15,1,80
5aa5b49a,03645f13-2,0,364.54,5,346.31,3,2024-08-24,2024,8,24,2,79
5f938952,81601d96-c,5,48.49,10,43.64,1,2024-07-12,2024,7,12,0,145
aa265452,6b482363-8,4,270.36,15,229.81,1,2024-09-29,2024,9,29,3,110
a12bcc72,62f53ba1-6,4,279.37,0,279.37,4,2024-08-25,2024,8,25,3,67
f444bdd4,1a2c6fc4-3,5,235.71,20,188.57,3,2024-05-28,2024,5,28,5,132
d1192abc,3c244368-d,5,358.33,5,340.41,3,2024-01-27,2024,1,27,2,66
ac07a758,7cd8f2a8-d,0,62.99,30,44.09,4,2024-11-03,2024,11,3,3,248
a5f68cb7,516465df-c,5,108.95,0,108.95,3,2024-11-16,2024,11,16,2,131
dc0c9f8d,4c20f3a2-4,2,321.56,25,241.17,0,2024-04-25,2024,4,25,4,126
e3c0569a,a3bb0ee7-6,5,271.59,25,203.69,2,2024-11-05,2024,11,5,5,172
7cdc9e1a,8fb834c6-d,1,498.73,25,374.05,4,2024-08-01,2024,8,1,4,107
dbcb14fc,c7432ae5-d,0,135.77,25,101.83,1,2024-07-12,2024,7,12,0,183
dd08c8a2,b4683e3f-5,4,341.68,10,307.51,3,2024-03-01,2024,3,1,0,79
ac61f504,c6678dfd-e,0,187.86,20,150.29,2,2024-09-11,2024,9,11,6,167
2dbdb640,d1a4dd43-b,6,273.85,0,273.85,0,2024-07-29,2024,7,29,1,66
fc5376e9,05276afc-4,5,359.75,30,251.82,2,2024-02-09,2024,2,9,0,143
e8aaaa1f,d0feadab-5,5,497.98,50,248.99,0,2024-01-04,2024,1,4,4,168
43f041a9,b23e0152-d,2,191.08,20,152.86,4,2024-06-24,2024,6,24,1,139
af40803c,fd3499b4-a,3,425.53,30,297.87,1,2024-02-05,2024,2,5,1,124
cc22e521,99c4efc0-3,5,116.19,20,92.95,0,2024-04-24,2024,4,24,6,160
93b27ac2,590b8280-4,5,365.32,5,347.05,4,2024-09-06,2024,9,6,0,61
6d749b0d,f007440f-4,1,12.56,20,10.05,4,2024-03-05,2024,3,5,5,191
db854f27,0afa4ac3-f,6,133.11,10,119.8,2,2024-06-11,2024,6,11,5,120
e5ce3b3c,36d673d6-b,0,415.94,10,374.35,0,2024-01-22,2024,1,22,1,89
5afb864f,2ab88ed7-e,1,57.71,15,49.05,1,2024-04-22,2024,4,22,1,167
c246cba9,ede349c0-3,6,51.09,10,45.98,0,2024-04-27,2024,4,27,2,144
8daa1ef8,fc66d1b9-d,1,480.65,30,336.45,4,2024-10-29,2024,10,29,5,149
b423a542,b34b4437-c,4,495.95,5,471.15,2,2024-07-10,2024,7,10,6,35
c3a12e7a,6d0c7871-b,4,55.64,15,47.29,1,2024-06-07,2024,6,7,0,154
9114180a,0c788a9d-f,0,244.52,5,232.29,1,2024-04-24,2024,4,24,6,109
3ccd93cb,df7fe53a-3,2,485.72,10,437.15,2,2024-06-02,2024,6,2,3,49
e9541774,cd56e7a6-9,2,152.19,15,129.36,1,2024-03-31,2024,3,31,3,138
0e01ba85,fc24fdb7-0,0,481.03,50,240.51,1,2024-11-03,2024,11,3,3,220
dfb1c808,99312242-3,0,74.24,10,66.82,1,2024-09-25,2024,9,25,6,156
3d9773a1,04e031b4-7,4,108.12,50,54.06,0,2024-08-02,2024,8,2,0,246
f3372a06,ceac98df-1,4,418.85,0,418.85,4,2024-02-11,2024,2,11,3,38
4356aab2,bd178e35-6,5,323.61,5,307.43,3,2024-04-16,2024,4,16,5,71
03fd5c2d,5933b2dd-2,5,473.15,10,425.83,2,2024-01-21,2024,1,21,3,54
94f5f92a,4ecdcc3c-d,3,439.29,20,351.43,4,2024-06-05,2024,6,5,6,93
becaf4c3,fde4af99-e,3,415.71,5,394.92,0,2024-02-19,2024,2,19,1,48
db686a27,ce8d953e-0,6,197.33,20,157.86,2,2024-02-18,2024,2,18,3,136
d0787b1a,74f9d647-0,5,488.2,5,463.79,4,2024-02-06,2024,2,6,5,37
0d8c2f9b,54c6c382-8,0,238.75,20,191.0,1,2024-10-23,2024,10,23,6,178
9ddc1221,4ae6e368-7,1,37.22,30,26.05,1,2024-04-19,2024,4,19,0,209
b2412a5a,bb939790-9,2,478.77,20,383.02,3,2024-11-19,2024,11,19,5,114
9807ab52,fd5ff259-b,2,441.14,15,374.97,4,2024-05-02,2024,5,2,4,75
5679d9a7,45a890f4-2,6,209.12,30,146.38,4,2024-05-02,2024,5,2,4,170
aa3a7b58,ab4b088f-1,6,71.71,10,64.54,4,2024-09-01,2024,9,1,3,138
e26fb2b1,edcf8345-f,5,213.18,15,181.2,0,2024-05-20,2024,5,20,1,127
c48e044f,4ee44cb9-b,0,417.6,20,334.08,4,2024-05-19,2024,5,19,3,113
4e3dd393,ac890a55-a,1,347.93,15,295.74,2,2024-01-29,2024,1,29,1,109
aaab97bb,b7ddde9c-d,6,431.65,25,323.74,1,2024-05-20,2024,5,20,1,105
932de343,0b325fcf-3,5,212.6,0,212.6,4,2024-03-16,2024,3,16,2,74
df564d61,e9916462-0,4,485.75,20,388.6,4,2024-09-08,2024,9,8,3,82
d6b7aa1d,2a8e2f78-1,3,230.19,25,172.64,2,2024-04-10,2024,4,10,6,143
65cfd186,062b2e28-5,1,90.16,5,85.65,4,2024-06-30,2024,6,30,3,127
93350e79,e80188fd-b,6,361.98,10,325.78,4,2024-07-18,2024,7,18,4,72
ad920469,5ee2c43a-4,2,404.79,5,384.55,0,2024-10-31,2024,10,31,4,83
5840fb85,a0ad1806-c,1,256.82,15,218.3,2,2024-05-06,2024,5,6,1,127
0ce757f0,791f0dd9-1,5,442.96,5,420.81,2,2024-02-13,2024,2,13,5,48
3c7fc849,8bf6dbe2-e,4,32.72,30,22.9,2,2024-09-25,2024,9,25,6,201
56e37721,4d852084-c,4,90.24,0,90.24,1,2024-05-07,2024,5,7,5,100
a81c78ef,705d8bd6-e,5,117.91,0,117.91,2,2024-08-19,2024,8,19,1,94
d72ba85d,d14ce47a-e,0,389.12,25,291.84,3,2024-02-23,2024,2,23,0,135
41675c87,fa938c93-7,0,450.24,0,450.24,1,2024-04-28,2024,4,28,3,51
5e539ac8,0a815ba8-4,1,329.33,15,279.93,2,2024-11-02,2024,11,2,2,135
523cceca,0a39160c-f,3,344.85,5,327.61,2,2024-05-05,2024,5,5,3,61
b110fa93,2c770b54-1,4,343.88,5,326.69,0,2024-04-12,2024,4,12,0,63
81ce1f35,1eeee585-b,1,423.67,50,211.84,4,2024-02-09,2024,2,9,0,198
04bcfff8,1a8229ee-a,0,16.99,0,16.99,2,2024-11-03,2024,11,3,3,164
ff9c4ba6,bac7facb-1,1,483.73,20,386.98,0,2024-10-02,2024,10,2,6,127
7050349e,cc0167d3-4,5,245.8,10,221.22,2,2024-09-21,2024,9,21,2,99
c53448d0,3f842f24-8,0,55.84,0,55.84,0,2024-03-29,2024,3,29,0,124
b9693289,cd6bbc83-e,4,390.3,20,312.24,1,2024-03-08,2024,3,8,0,99
03563bc9,d7510d30-2,1,147.52,25,110.64,1,2024-07-07,2024,7,7,3,171
7152cc07,85f214bf-1,2,493.32,10,443.99,1,2024-04-26,2024,4,26,0,47
87cd766d,ada798d8-7,1,110.72,25,83.04,0,2024-08-31,2024,8,31,2,180
0e64bfe5,fc0f7387-2,1,164.11,5,155.9,3,2024-09-11,2024,9,11,6,112
7e725db9,7b620e7c-8,2,282.41,5,268.29,3,2024-01-20,2024,1,20,2,79
eb01d335,5e0804fa-9,2,139.5,25,104.62,1,2024-01-12,2024,1,12,0,171
3a564d70,630e08f4-d,4,413.16,15,351.19,0,2024-11-20,2024,11,20,6,109
36f7dbc7,9326646d-7,1,37.42,5,35.55,3,2024-01-08,2024,1,8,1,134
72ec970d,fc1ec9e9-d,0,464.57,10,418.11,0,2024-06-20,2024,6,20,4,81
b8325c50,5c071a3e-3,3,57.23,5,54.37,2,2024-06-30,2024,6,30,3,123
d73be10e,eb2fb3d1-7,3,254.76,0,254.76,2,2024-06-06,2024,6,6,4,66
e36f2bb0,fb339072-0,2,59.22,10,53.3,1,2024-04-27,2024,4,27,2,134
877a2ffb,be87620f-9,6,219.74,20,175.79,0,2024-10-27,2024,10,27,3,168
6b65ac71,5b7987b2-2,6,452.36,5,429.74,3,2024-03-23,2024,3,23,2,43
3df3017f,6a90f71c-1,0,269.81,5,256.32,2,2024-04-06,2024,4,6,2,96
de21a529,6c3e6be6-b,3,325.14,20,260.11,0,2024-07-24,2024,7,24,6,111
4d1703a4,34578a9e-2,6,439.39,50,219.69,1,2024-01-08,2024,1,8,1,186
ed900f52,38f70e29-6,0,429.22,25,321.92,2,2024-01-09,2024,1,9,5,131
ecbf0669,d45881db-8,2,220.71,10,198.64,3,2024-03-29,2024,3,29,0,103
d87a2060,16fda4a4-4,6,12.15,5,11.54,2,2024-01-02,2024,1,2,5,133
47f1f74b,3aa04295-7,4,348.91,15,296.57,1,2024-09-27,2024,9,27,0,99
c5772653,080a1588-6,1,176.27,10,158.64,2,2024-04-16,2024,4,16,5,120
edc1d507,e01a29bc-7,0,115.08,15,97.82,1,2024-01-31,2024,1,31,6,162
ebded5a7,7f4e3932-a,6,442.08,50,221.04,1,2024-03-14,2024,3,14,4,180
a1279ac2,934af6fa-9,5,289.28,20,231.42,1,2024-04-21,2024,4,21,3,121
363fe23b,713d5f95-d,1,321.34,5,305.27,2,2024-10-06,2024,10,6,3,110
d1f2a5ba,35bf1d25-e,6,73.18,50,36.59,2,2024-08-05,2024,8,5,1,258
34c8ee63,e2cad399-f,0,14.65,15,12.45,3,2024-09-21,2024,9,21,2,182
8633d8a2,fd62a479-8,2,166.33,50,83.17,0,2024-04-15,2024,4,15,1,238
54b00d9c,af094393-c,4,368.81,5,350.37,3,2024-09-22,2024,9,22,3,62
0418a2c1,49d274a9-8,5,140.52,30,98.36,0,2024-03-31,2024,3,31,3,184
cb6dff71,0e29a6fa-2,0,468.38,25,351.28,2,2024-08-02,2024,8,2,0,119
3fff6cb5,14634891-f,0,424.75,20,339.8,3,2024-02-04,2024,2,4,3,111
cb0b0a9f,921cad79-9,4,367.63,15,312.49,2,2024-05-18,2024,5,18,2,92
9153c543,6eed063d-8,4,269.57,10,242.61,2,2024-05-19,2024,5,19,3,96
b17a50cf,76d6e659-f,1,168.68,25,126.51,0,2024-07-28,2024,7,28,3,166
e8c697cd,4c54bc3f-1,0,291.45,15,247.73,1,2024-09-12,2024,9,12,4,131
10ed87b2,9a339c33-e,6,256.77,10,231.09,0,2024-05-08,2024,5,8,6,101
70e58e3b,6a8083d3-7,4,477.27,30,334.09,4,2024-10-22,2024,10,22,5,147
770d352f,4e37126e-2,0,344.29,20,275.43,4,2024-06-04,2024,6,4,5,127
d689fa61,ab0bb71f-3,1,347.22,15,295.14,3,2024-01-18,2024,1,18,4,102
a6d9af95,6e814027-4,5,100.75,30,70.52,3,2024-08-24,2024,8,24,2,188
ee1350fc,c57a437c-b,4,464.61,0,464.61,3,2024-10-02,2024,10,2,6,56
77de2b1d,6b72dfda-c,2,30.49,20,24.39,0,2024-03-07,2024,3,7,4,168
d06eda6c,d289d18d-5,5,331.13,20,264.9,3,2024-01-24,2024,1,24,6,115
eb93c677,be1966eb-d,2,214.77,20,171.82,4,2024-06-21,2024,6,21,0,139
6b58c722,e0798a1e-4,4,55.69,50,27.84,3,2024-06-11,2024,6,11,5,256
d4315620,1537c930-7,0,240.01,30,168.01,4,2024-05-04,2024,5,4,2,182
7691b7c9,0ec45da7-5,3,151.5,10,136.35,1,2024-06-17,2024,6,17,1,124
1e119afc,5968e23a-f,5,82.55,20,66.04,1,2024-09-15,2024,9,15,3,167
592685a3,183d23fb-b,1,161.32,0,161.32,1,2024-04-14,2024,4,14,3,94
6e2d666a,4ce71e3b-1,2,255.65,10,230.09,0,2024-04-27,2024,4,27,2,98
97d651f2,b5f6a3f5-4,2,14.37,0,14.37,2,2024-09-29,2024,9,29,3,121
e05135b9,b376b897-5,2,145.14,15,123.37,0,2024-09-01,2024,9,1,3,139
25a1921e,337e0f42-b,6,447.34,30,313.14,2,2024-08-12,2024,8,12,1,123
835ca3bf,e0d9a8f7-e,3,41.41,20,33.13,0,2024-06-18,2024,6,18,5,166
833c791a,c9ab8562-0,3,469.59,5,446.11,3,2024-03-02,2024,3,2,2,40
a105f661,3f9836de-1,5,138.81,50,69.41,1,2024-11-06,2024,11,6,6,270
bcc6717f,71a834ba-5,1,152.35,50,76.17,4,2024-08-10,2024,8,10,2,251
52afc672,13bca435-3,1,391.14,15,332.47,2,2024-03-30,2024,3,30,2,101
24f2c911,862a9954-7,0,264.31,5,251.09,4,2024-06-03,2024,6,3,1,97
1b0c9fd0,eb3a18a3-c,1,94.05,25,70.54,2,2024-05-20,2024,5,20,1,189
6b7e7043,05b50e6a-0,6,132.08,20,105.66,0,2024-07-16,2024,7,16,5,153
82866e0c,6492654a-a,3,410.94,0,410.94,3,2024-07-11,2024,7,11,4,35
a4f4d94f,b848fedb-4,0,299.69,5,284.71,0,2024-07-18,2024,7,18,4,98
9179113d,74a1e24e-f,1,260.56,5,247.53,3,2024-07-14,2024,7,14,3,97
c8d1da59,da7b19b9-e,2,92.61,50,46.3,4,2024-03-19,2024,3,19,5,250
90062c17,9110011e-9,2,373.0,5,354.35,0,2024-09-19,2024,9,19,4,59
725b0c84,06b288a3-1,2,424.68,15,360.98,0,2024-03-05,2024,3,5,5,79
cafca141,2cc466c8-3,1,105.0,10,94.5,2,2024-04-18,2024,4,18,4,134
2ad90cf7,c8dbe801-6,4,26.92,20,21.54,4,2024-09-20,2024,9,20,0,169
2dbcadea,1d6ec559-1,6,26.81,50,13.4,3,2024-03-27,2024,3,27,6,266
e37338ed,0879e7a2-3,5,333.98,30,233.79,3,2024-05-20,2024,5,20,1,145
fb17e261,21f1ffb4-5,3,381.69,30,267.18,0,2024-08-31,2024,8,31,2,133
e953a168,909e867e-a,4,212.65,50,106.33,4,2024-08-02,2024,8,2,0,232
6f22d0f4,974faa53-8,1,375.68,10,338.11,4,2024-08-10,2024,8,10,2,82
1d360f7f,d4274eed-2,3,38.74,10,34.87,1,2024-04-19,2024,4,19,0,138
18a5f861,ed5918a0-f,4,185.13,5,175.87,0,2024-06-30,2024,6,30,3,93
1a6daf28,65d571aa-f,0,156.51,15,133.03,1,2024-01-07,2024,1,7,3,156
d6a3d49e,b71df685-1,4,106.27,15,90.33,3,2024-10-27,2024,10,27,3,172
fde7243f,2d2a8bb5-4,4,137.59,15,116.95,2,2024-11-02,2024,11,2,2,165
96221d7c,b9f308d2-3,6,38.62,50,19.31,1,2024-04-30,2024,4,30,5,266
f9632dc2,bccfc6f0-b,5,316.12,25,237.09,2,2024-04-28,2024,4,28,3,126
70152275,44966d58-e,2,118.28,15,100.54,2,2024-04-04,2024,4,4,4,142
4e5b9aa9,9a47068b-3,0,120.16,10,108.14,3,2024-09-27,2024,9,27,0,142
4c326c0f,5a8fe0a0-4,5,286.23,0,286.23,3,2024-10-27,2024,10,27,3,92
5bad336b,fa789197-d,4,334.87,15,284.64,2,2024-04-25,2024,4,25,4,97
c87cdd9d,8bf1214c-c,1,79.07,30,55.35,3,2024-03-17,2024,3,17,3,203
967cbc43,c5e4d064-f,0,248.07,15,210.86,3,2024-11-13,2024,11,13,6,170
67373c9d,c4e3be90-8,1,158.66,5,150.73,2,2024-07-23,2024,7,23,5,112
3a9963e9,5140fdf2-0,5,233.88,10,210.49,1,2024-04-28,2024,4,28,3,98
2d841a95,b1aefea9-0,1,324.33,0,324.33,4,2024-10-14,2024,10,14,1,90
647d7e1f,3c274f70-1,5,416.78,50,208.39,2,2024-09-02,2024,9,2,1,183
6728981a,7d22dcf8-6,2,163.98,20,131.18,2,2024-10-13,2024,10,13,3,181
9c17a640,41474000-7,0,462.11,30,323.48,0,2024-01-13,2024,1,13,2,135
53df76f4,e957083c-5,4,441.45,10,397.31,3,2024-09-12,2024,9,12,4,60
de6605d5,d81f1f28-e,3,50.81,10,45.73,4,2024-07-13,2024,7,13,2,135
74c7c480,0fcd357b-3,6,341.92,20,273.54,2,2024-06-22,2024,6,22,2,113
85c628f0,d30ee264-9,6,182.16,0,182.16,1,2024-11-12,2024,11,12,5,118
c5a1e762,d2e653f1-1,1,436.44,10,392.8,4,2024-09-21,2024,9,21,2,77
3eda4c58,bd0ad888-8,0,179.26,50,89.63,0,2024-10-19,2024,10,19,2,280
89ff2ff1,74ebdb33-e,0,471.43,0,471.43,4,2024-05-06,2024,5,6,1,48
918a4789,3cb64c8f-3,3,431.46,10,388.31,2,2024-03-02,2024,3,2,2,59
a2f07ba8,b87d7e2c-3,4,230.47,0,230.47,0,2024-04-08,2024,4,8,1,76
3a478a5e,891e3976-2,5,421.62,15,358.38,1,2024-01-14,2024,1,14,3,81
faafe05b,d52923e3-6,5,308.95,30,216.26,0,2024-07-20,2024,7,20,2,150
15b5e873,273ce285-f,1,187.72,20,150.18,1,2024-02-12,2024,2,12,1,157
c09f2d77,a60cc9d5-b,2,273.34,15,232.34,2,2024-06-06,2024,6,6,4,106
2213103b,c562dbd0-9,2,469.76,20,375.81,4,2024-11-20,2024,11,20,6,117
08d32336,14c148fc-3,3,46.25,15,39.31,3,2024-03-17,2024,3,17,3,155
edfc7dec,0983e6d6-b,2,115.88,25,86.91,1,2024-11-07,2024,11,7,4,199
c203821f,49360ce8-1,3,144.04,0,144.04,2,2024-02-10,2024,2,10,2,92
997b3f50,7af8b67f-e,1,461.93,25,346.45,1,2024-02-18,2024,2,18,3,110
16589213,004ae9eb-0,3,68.08,10,61.27,3,2024-09-14,2024,9,14,2,132
ed69d7a0,9cd2cba7-7,4,156.47,15,133.0,1,2024-05-13,2024,5,13,1,137
fb789539,2d07d366-7,6,489.95,20,391.96,2,2024-08-21,2024,8,21,6,83
70a67b9e,74577e64-d,1,403.62,50,201.81,4,2024-08-19,2024,8,19,1,201
9b269748,8289aa1a-7,0,175.16,5,166.4,0,2024-03-30,2024,3,30,2,115
4f842250,9b4f9de2-1,6,481.16,15,408.99,2,2024-01-21,2024,1,21,3,67
97e2632e,73b63a9d-3,0,182.13,25,136.6,0,2024-11-09,2024,11,9,2,203
04318409,a23c4e84-f,1,289.48,20,231.58,4,2024-01-30,2024,1,30,5,133
3822b8b3,af7bd15a-8,2,154.02,30,107.81,2,2024-04-12,2024,4,12,0,181
4d16cbf8,1fff4ff8-8,1,298.47,0,298.47,2,2024-01-04,2024,1,4,4,70
486ac471,817c1d74-7,0,119.15,30,83.41,0,2024-07-29,2024,7,29,1,205
655c0afc,19592ee3-5,5,328.87,5,312.43,4,2024-02-17,2024,2,17,2,69
bb5cf4a3,84844630-e,5,346.81,15,294.79,0,2024-04-11,2024,4,11,4,91
52186fe6,c0cc6bff-6,1,210.37,30,147.26,2,2024-05-11,2024,5,11,2,172
349248b9,a64f4cc1-1,0,352.66,5,335.03,1,2024-03-25,2024,3,25,1,85
e616fbf7,c434508d-3,0,127.78,0,127.78,4,2024-06-01,2024,6,1,2,115
a129dd13,34f01a02-c,2,61.37,5,58.3,1,2024-04-07,2024,4,7,3,126
430033d1,8ab203ed-0,1,76.8,5,72.96,2,2024-06-13,2024,6,13,4,134
1739fa0d,6ffe0b61-d,1,158.42,25,118.81,4,2024-01-10,2024,1,10,6,177
f4d46444,482d9eb4-d,4,349.16,15,296.79,1,2024-03-11,2024,3,11,1,91
45e86006,668aa034-6,5,319.98,10,287.98,1,2024-10-12,2024,10,12,2,112
e9be0cb1,aa3dbf64-5,5,276.08,25,207.06,3,2024-02-28,2024,2,28,6,134
0125f947,50889b27-f,2,324.41,50,162.21,4,2024-02-27,2024,2,27,5,209
23e711df,b683ba73-5,0,421.16,30,294.81,3,2024-01-28,2024,1,28,3,147
6377eace,d45b8dc8-d,0,106.66,25,80.0,0,2024-11-02,2024,11,2,2,225
d0c6808a,4f7e965b-1,0,174.43,30,122.1,1,2024-06-14,2024,6,14,0,190
429251e4,787ca917-e,4,250.0,25,187.5,0,2024-06-11,2024,6,11,5,150
387543ee,e80edd02-2,0,480.82,5,456.78,4,2024-07-17,2024,7,17,6,60
611f07b5,62b4ee7a-6,4,187.84,20,150.27,3,2024-07-12,2024,7,12,0,145
bebd92ff,6b55c0d4-0,1,315.54,10,283.99,2,2024-10-26,2024,10,26,2,124
f6c2e5a1,da046af8-6,5,186.17,50,93.08,4,2024-05-25,2024,5,25,2,227
85531bb2,d166d0c2-a,2,204.03,20,163.22,3,2024-01-15,2024,1,15,1,134
acf7144e,8da332da-a,5,229.52,20,183.62,2,2024-08-24,2024,8,24,2,131
f3e36ce3,79dc5c00-8,1,130.16,50,65.08,1,2024-05-27,2024,5,27,1,252
d2522951,0bec836e-1,2,470.92,50,235.46,4,2024-09-09,2024,9,9,1,174
8c9ad053,0b8e93ab-1,4,367.49,20,293.99,0,2024-08-25,2024,8,25,3,109
e49bbd21,0aa405c8-b,5,41.11,25,30.83,2,2024-02-18,2024,2,18,3,190
f7ed4253,a839d7a6-0,6,276.12,20,220.9,3,2024-03-09,2024,3,9,2,120
80761d7b,4b7aeeb4-d,6,268.14,0,268.14,2,2024-07-21,2024,7,21,3,62
221a9af4,9248f11b-8,4,108.07,50,54.03,3,2024-07-21,2024,7,21,3,248
d492b6d9,4284ba03-7,4,124.29,50,62.15,2,2024-06-14,2024,6,14,0,248
86488cc7,4096a452-0,2,53.55,30,37.48,2,2024-10-02,2024,10,2,6,224
95f62610,03504d8a-d,4,149.82,15,127.35,0,2024-10-18,2024,10,18,0,168
750418a6,a38fa435-4,3,122.81,20,98.25,3,2024-04-09,2024,4,9,5,158
9f79dd77,748793a0-2,2,147.44,25,110.58,3,2024-07-02,2024,7,2,5,168
ba9710b5,117417c1-9,0,71.51,5,67.93,2,2024-11-15,2024,11,15,0,169
0ec44907,731bb929-8,2,162.81,30,113.97,1,2024-11-10,2024,11,10,3,210
5132665b,5beb8bd2-0,4,182.35,0,182.35,2,2024-08-12,2024,8,12,1,88
ae025f67,dc3598ed-4,2,334.65,50,167.32,1,2024-04-26,2024,4,26,0,201
9b715e89,c850d4a5-9,2,15.45,0,15.45,4,2024-08-04,2024,8,4,3,112
e1c29bb9,3ee7c3f5-1,0,134.04,50,67.02,0,2024-02-29,2024,2,29,4,263
001ae40d,6e5a726a-a,5,432.41,20,345.93,2,2024-05-24,2024,5,24,0,91
f30aa764,b9394d22-4,4,100.72,30,70.5,1,2024-02-19,2024,2,19,1,189
eed1708f,0903f466-f,6,70.94,25,53.2,4,2024-03-29,2024,3,29,0,177
24adcd0d,ccf9f689-6,4,62.19,50,31.09,0,2024-01-27,2024,1,27,2,257
7509b3c7,31bc3b59-3,1,330.53,10,297.48,0,2024-10-20,2024,10,20,3,119
33ec4e9b,708ecda7-d,5,463.2,10,416.88,1,2024-03-21,2024,3,21,4,53
b6f51cc8,17c0c091-5,5,11.94,20,9.55,2,2024-08-13,2024,8,13,5,180
55238433,1dd30373-6,5,193.48,5,183.81,4,2024-09-14,2024,9,14,2,97
f85e08f6,f9379563-e,4,19.09,5,18.14,3,2024-08-07,2024,8,7,6,128
957d92dd,2dd1d448-8,3,194.92,25,146.19,3,2024-02-21,2024,2,21,6,161
45e5b448,f3a1636e-1,3,336.27,0,336.27,0,2024-10-07,2024,10,7,1,77
3d834a66,97e677cb-6,4,469.29,5,445.83,0,2024-07-29,2024,7,29,1,43
6845f31e,eb1479f3-f,5,15.8,30,11.06,0,2024-05-31,2024,5,31,0,206
f7d8a36d,0b599874-2,1,30.81,25,23.11,4,2024-11-13,2024,11,13,6,229
6b3a0e77,0fc0a3c3-d,0,137.04,0,137.04,4,2024-11-04,2024,11,4,1,145
09b07954,eb6be1ca-1,5,316.1,5,300.3,0,2024-01-05,2024,1,5,0,70
cfda6436,66c83748-3,5,306.26,50,153.13,1,2024-11-09,2024,11,9,2,233
9bc061b4,7de11438-b,5,134.53,15,114.35,3,2024-08-14,2024,8,14,6,142
453e4fd0,0c98dbfb-1,4,426.71,50,213.35,2,2024-06-18,2024,6,18,5,185
389887c2,67dad671-2,1,56.51,5,53.68,2,2024-05-29,2024,5,29,6,132
9e8c74ac,8ef678aa-9,0,278.86,5,264.92,1,2024-07-12,2024,7,12,0,96
a6324daf,a49fddcb-4,6,471.77,15,401.0,1,2024-01-19,2024,1,19,0,73
a587259f,1ef0156f-7,0,292.74,0,292.74,2,2024-10-13,2024,10,13,3,106
124627c9,2f9f2265-e,2,368.17,50,184.09,2,2024-04-05,2024,4,5,0,191
dc743e0d,73bd35e0-1,2,313.85,0,313.85,1,2024-11-07,2024,11,7,4,82
f422fc68,34e02965-3,6,107.27,10,96.54,0,2024-06-03,2024,6,3,1,125
a33d1a46,2c952a50-4,2,394.07,5,374.37,4,2024-08-06,2024,8,6,5,56
69e7e61b,99f2f294-d,0,414.68,5,393.95,0,2024-05-08,2024,5,8,6,76
238fba4a,de463b7d-8,0,124.21,0,124.21,4,2024-05-29,2024,5,29,6,120
07da90ff,ad7ec721-9,1,205.1,50,102.55,3,2024-11-18,2024,11,18,1,265
afaf6aa9,6b20bcd6-4,5,249.81,10,224.83,3,2024-02-03,2024,2,3,2,102
23e6b564,1155fc55-5,4,54.3,0,54.3,4,2024-09-16,2024,9,16,1,113
fec142e5,1ceb87ae-e,3,255.6,10,230.04,3,2024-08-16,2024,8,16,0,94
158b7b45,26be4ef8-4,1,491.18,5,466.62,2,2024-11-04,2024,11,4,1,79
99d5de94,427e49a5-7,6,463.69,50,231.84,2,2024-10-18,2024,10,18,0,204
955f7594,73cded42-c,0,96.86,10,87.17,3,2024-06-23,2024,6,23,3,149
c0c7dcc8,5adb772f-b,0,180.91,10,162.82,1,2024-04-07,2024,4,7,3,137
a2cfce14,a371102e-f,2,170.46,10,153.41,0,2024-03-21,2024,3,21,4,117
da7bc76a,e88dc97f-5,2,492.41,0,492.41,1,2024-01-02,2024,1,2,5,17
abc4d497,1e61b452-a,2,191.05,50,95.53,4,2024-03-28,2024,3,28,4,231
76a0bc6e,bbc7195e-8,1,224.84,15,191.11,1,2024-08-06,2024,8,6,5,129
18ce10b0,c7dba5e8-1,6,130.19,5,123.68,0,2024-07-29,2024,7,29,1,112
1332dbc8,5ce04406-8,6,132.67,20,106.14,2,2024-01-10,2024,1,10,6,156
9e576059,f825c098-f,6,296.84,25,222.63,3,2024-07-27,2024,7,27,2,134
b4ae2cbf,d2c5913e-a,4,254.11,25,190.58,1,2024-01-31,2024,1,31,6,140
22830113,de19ae1f-a,0,273.03,10,245.73,0,2024-01-29,2024,1,29,1,114
70ece472,46af5cdd-0,3,433.48,50,216.74,4,2024-08-11,2024,8,11,3,181
148aa401,a135c362-c,2,119.22,20,95.38,3,2024-04-05,2024,4,5,0,161
5437e569,7bc64761-0,5,83.14,0,83.14,4,2024-01-12,2024,1,12,0,104
892659a7,7da00e52-a,4,469.67,50,234.84,0,2024-02-05,2024,2,5,1,176
56c5b09e,090421d9-5,1,89.73,0,89.73,1,2024-02-14,2024,2,14,6,108
fdd35ce2,55b6d10e-3,6,154.93,30,108.45,0,2024-07-18,2024,7,18,4,184
841dfed4,cafa45f9-e,1,422.91,25,317.18,4,2024-08-12,2024,8,12,1,125
a6868963,bb656f87-5,5,191.22,15,162.54,4,2024-05-26,2024,5,26,3,125
62577c4e,ebfe5119-f,6,282.3,50,141.15,4,2024-07-13,2024,7,13,2,214
6dc093d8,3825f76f-9,0,473.47,5,449.8,3,2024-04-14,2024,4,14,3,65
7d08e51f,bc84ed28-8,5,401.02,50,200.51,1,2024-11-12,2024,11,12,5,220
b11ef3ae,6b3feb11-d,1,212.45,20,169.96,1,2024-06-12,2024,6,12,6,146
e4ed1209,f10f6e27-5,1,107.85,0,107.85,1,2024-06-28,2024,6,28,0,111
ac481530,3df02c31-e,5,299.44,25,224.58,2,2024-08-30,2024,8,30,0,133
ff45dc2b,09bfc749-2,2,180.07,25,135.05,3,2024-03-27,2024,3,27,6,163
066dce62,e4637676-9,0,26.18,20,20.94,4,2024-07-17,2024,7,17,6,191
67c5fdf4,4885fdf1-e,1,41.5,5,39.42,0,2024-06-14,2024,6,14,0,134
4945f220,50996230-2,1,487.32,10,438.59,3,2024-07-08,2024,7,8,1,61
144ac601,708ad704-6,4,171.89,10,154.7,0,2024-10-14,2024,10,14,1,145
a5973501,d29842bf-5,3,310.88,30,217.62,1,2024-08-27,2024,8,27,5,144
594531a2,3a3431c0-1,2,462.61,0,462.61,0,2024-04-25,2024,4,25,4,23
aa273462,fac92d7f-e,2,278.52,50,139.26,2,2024-04-04,2024,4,4,4,212
0e3e47af,1fb11b6f-9,1,162.92,20,130.34,2,2024-01-26,2024,1,26,0,156
1c87705a,a2f9f3e2-7,4,172.7,30,120.89,4,2024-08-11,2024,8,11,3,173
0aa5caf4,0e8cfebd-e,1,46.11,0,46.11,4,2024-04-17,2024,4,17,6,125
04d6d800,5d9ef960-1,4,471.76,10,424.58,0,2024-10-31,2024,10,31,4,82
a1fef607,5f71ad74-e,4,263.49,20,210.79,4,2024-10-31,2024,10,31,4,159
bb5d2619,ad3c9d8d-b,4,30.52,20,24.42,3,2024-10-23,2024,10,23,6,207
ebce6cad,f580de18-9,6,143.49,50,71.75,2,2024-11-16,2024,11,16,2,269
f4d7018c,02b3f5ae-b,0,21.3,5,20.23,3,2024-04-05,2024,4,5,0,146
a18d5bb4,2d8544d7-8,3,271.54,15,230.81,2,2024-02-09,2024,2,9,0,106
529c1482,b9507324-c,1,292.99,20,234.39,2,2024-01-06,2024,1,6,2,126
41b1a40a,bc3a7a7a-1,1,119.18,10,107.26,0,2024-11-19,2024,11,19,5,164
5d5b3af7,46067a09-f,1,393.18,50,196.59,3,2024-06-04,2024,6,4,5,205
cf860583,1d980ea4-a,3,110.59,25,82.94,2,2024-05-03,2024,5,3,0,175
06c01585,09a09097-c,3,488.92,30,342.24,1,2024-11-16,2024,11,16,2,147
e3bbe9a3,49908afb-9,1,428.84,0,428.84,3,2024-07-18,2024,7,18,4,45
93a62d8a,aa684113-0,6,231.78,15,197.01,1,2024-02-18,2024,2,18,3,122
fa1105cb,9675e013-e,1,118.57,30,83.0,2,2024-10-03,2024,10,3,4,227
ee01470d,4ee8e600-b,2,393.1,15,334.13,2,2024-04-20,2024,4,20,2,87
11541d26,b8eabdb6-0,5,384.99,15,327.24,3,2024-05-14,2024,5,14,5,90
6635bec7,1202fac1-8,2,171.84,30,120.29,4,2024-08-28,2024,8,28,6,170
355f934f,07c8c702-1,4,264.13,5,250.92,0,2024-07-19,2024,7,19,0,86
2498a9ec,ee5461f9-5,0,109.89,50,54.95,1,2024-01-14,2024,1,14,3,272
ddb4486a,6a51da27-0,0,447.8,20,358.24,0,2024-10-30,2024,10,30,6,142
93d032e8,c06702ca-7,4,204.93,50,102.47,2,2024-04-24,2024,4,24,6,227
891b68a1,1c418a9a-f,1,393.43,50,196.72,3,2024-05-12,2024,5,12,3,199
3908e634,5c275a49-6,2,425.7,20,340.56,2,2024-03-13,2024,3,13,6,92
49efd7a0,36c32f94-e,3,128.88,10,115.99,2,2024-08-02,2024,8,2,0,124
6cd8aca2,e9f16b04-b,2,407.36,0,407.36,4,2024-07-10,2024,7,10,6,39
2dd4607e,1913b9f5-f,6,415.44,5,394.67,4,2024-06-04,2024,6,4,5,51
ea3feaf3,c5776e2b-0,3,333.31,25,249.98,0,2024-05-30,2024,5,30,4,123
e92363ff,bb2afb7b-9,5,17.86,20,14.29,4,2024-02-08,2024,2,8,4,178
267cacf2,0db55b23-5,4,14.23,10,12.81,3,2024-10-18,2024,10,18,0,181
0599c907,6dd643ff-f,5,336.97,0,336.97,0,2024-04-07,2024,4,7,3,57
73aef733,89c2cf5c-5,0,214.24,0,214.24,4,2024-02-20,2024,2,20,5,98
65c000fc,3c2c7bd1-a,6,330.88,15,281.25,1,2024-07-24,2024,7,24,6,98
f65fa62f,8d6a12a7-0,0,373.59,50,186.79,4,2024-02-24,2024,2,24,2,215
9a297ab5,a463e1e2-5,3,117.15,5,111.29,2,2024-10-20,2024,10,20,3,140
b78454f6,e8bdd051-c,6,267.5,25,200.62,4,2024-10-23,2024,10,23,6,171
0d3b08e0,c33a593f-6,1,444.15,5,421.94,3,2024-01-11,2024,1,11,4,59
0bae38c2,9df55aea-0,5,135.6,0,135.6,0,2024-08-24,2024,8,24,2,96
50a7e7f0,230d9649-c,4,70.14,30,49.1,1,2024-06-04,2024,6,4,5,198
47154b02,56e22c85-1,2,155.81,50,77.91,4,2024-08-14,2024,8,14,6,242
44b22350,fb547ae4-7,1,313.29,15,266.3,2,2024-04-16,2024,4,16,5,114
79e6668b,81aa1299-5,6,478.62,10,430.76,1,2024-01-09,2024,1,9,5,58
59417bfd,d0e09be9-c,4,175.5,25,131.62,1,2024-11-04,2024,11,4,1,192
0f2949c3,1626312c-c,6,90.76,25,68.07,4,2024-01-07,2024,1,7,3,180
b3353bb8,aed2d726-1,3,323.21,25,242.41,3,2024-01-29,2024,1,29,1,132
762d6bf4,f9a4c648-b,5,145.89,15,124.01,1,2024-03-29,2024,3,29,0,137
be5f7f30,55781174-b,6,56.77,10,51.09,2,2024-04-01,2024,4,1,1,133
7c19312f,ae06fbe8-0,2,168.31,10,151.48,3,2024-09-22,2024,9,22,3,120
3ce1ce0e,594ef637-c,2,421.59,0,421.59,1,2024-07-19,2024,7,19,0,40
54a54d00,ce5bfe4c-0,4,144.19,20,115.35,2,2024-05-22,2024,5,22,6,150
e7b928bc,8e83d866-a,0,479.32,25,359.49,4,2024-05-13,2024,5,13,1,117
c2c6ce62,02cefb6b-a,2,330.71,25,248.03,0,2024-11-06,2024,11,6,6,154
c0452a94,6dd487cc-4,0,217.35,0,217.35,2,2024-09-02,2024,9,2,1,98
5d999231,65c19c36-c,1,193.15,50,96.58,1,2024-01-13,2024,1,13,2,238
7d7a97d5,9b5e7055-7,6,352.6,0,352.6,0,2024-04-23,2024,4,23,5,47
5a96e989,3e65294c-d,5,376.39,10,338.75,1,2024-02-07,2024,2,7,6,75
737023ad,d45c3dfa-8,6,498.58,25,373.94,2,2024-05-06,2024,5,6,1,99
2d1dbbf3,26348ec1-0,3,469.47,30,328.63,0,2024-06-07,2024,6,7,0,119
dee35fc3,61556376-b,4,55.95,10,50.36,1,2024-08-12,2024,8,12,1,134
cd986aff,4e670a5b-8,5,334.08,15,283.97,3,2024-08-14,2024,8,14,6,95
a6e6f97d,0ac98a57-a,1,144.67,0,144.67,0,2024-01-31,2024,1,31,6,99
7c55fcf1,003d1f09-c,6,181.21,5,172.15,4,2024-08-30,2024,8,30,0,102
586c3197,0595e396-b,5,273.16,25,204.87,2,2024-02-17,2024,2,17,2,135
b1e0160e,ea6be03c-9,5,361.24,50,180.62,1,2024-07-09,2024,7,9,5,198
c9d0d662,757cdf83-b,5,353.7,10,318.33,4,2024-09-22,2024,9,22,3,75
18b2a6ae,5a4aba10-8,6,373.65,0,373.65,4,2024-03-14,2024,3,14,4,44
85bd0114,c54c70f9-c,2,361.48,30,253.04,1,2024-09-14,2024,9,14,2,132
3569a81f,a567dafc-5,4,296.22,0,296.22,4,2024-01-07,2024,1,7,3,57
d8e94022,fdcb2e14-f,6,48.52,25,36.39,0,2024-07-14,2024,7,14,3,181
4ba91354,8e910cce-9,4,262.23,20,209.78,3,2024-11-14,2024,11,14,4,152
47f7f0af,3003f89f-c,2,243.84,50,121.92,2,2024-06-10,2024,6,10,1,222
7432f04c,7036a176-4,2,41.68,0,41.68,3,2024-07-23,2024,7,23,5,110
53449dab,00b3c8d1-b,6,480.84,10,432.76,2,2024-02-18,2024,2,18,3,48
0e7c9f35,bf26daef-1,4,488.06,30,341.64,1,2024-09-09,2024,9,9,1,112
e4b9a3e4,2cc13aac-d,0,91.27,0,91.27,1,2024-01-08,2024,1,8,1,120
374ece51,7c7054b6-b,3,18.15,0,18.15,3,2024-06-21,2024,6,21,0,113
dce2214a,6e609028-f,6,33.14,50,16.57,3,2024-08-15,2024,8,15,4,264
5bbe6af5,7e940f3c-8,4,392.77,10,353.49,1,2024-02-01,2024,2,1,4,76
731ccca0,5ad070b1-8,3,279.96,15,237.97,3,2024-02-08,2024,2,8,4,113
14c9d3be,24cde985-c,2,408.64,25,306.48,0,2024-03-18,2024,3,18,1,116
68722b9b,67d7c91c-b,4,491.7,0,491.7,1,2024-08-19,2024,8,19,1,24
328d03d8,20c99ee6-7,2,260.12,0,260.12,1,2024-07-11,2024,7,11,4,70
aaf45c40,f0b7f510-3,1,455.77,25,341.83,1,2024-09-27,2024,9,27,0,109
4a81e87c,e18a5897-c,3,55.31,30,38.72,4,2024-11-15,2024,11,15,0,225
d3824307,ab613eea-c,5,261.0,10,234.9,4,2024-03-17,2024,3,17,3,98
c49a098e,7f0a5173-a,6,255.6,25,191.7,3,2024-04-22,2024,4,22,1,142
215a7f76,c8df4458-3,2,173.69,20,138.95,2,2024-02-13,2024,2,13,5,141
52cb0816,2cf0d432-8,3,394.9,30,276.43,1,2024-01-23,2024,1,23,5,128
8ece3add,bfd85ecd-1,0,29.46,30,20.62,2,2024-03-26,2024,3,26,5,228
dfa87884,e5714c84-9,3,273.52,25,205.14,1,2024-07-09,2024,7,9,5,140
df6c7670,6a06a69a-b,1,56.11,20,44.89,4,2024-04-09,2024,4,9,5,179
ce4f5068,ac7bf91d-0,3,42.89,30,30.02,0,2024-03-13,2024,3,13,6,204
9a717b4e,12ca96d3-8,3,92.47,15,78.6,4,2024-05-24,2024,5,24,0,141
e2d9e617,6f3a6478-1,1,64.22,15,54.59,0,2024-01-10,2024,1,10,6,167
a6a91079,8ef22240-7,1,119.63,15,101.69,4,2024-02-17,2024,2,17,2,152
0a6712c8,ce0d6be8-5,2,357.91,10,322.12,1,2024-03-16,2024,3,16,2,80
85853e07,1005ef1b-8,0,81.78,10,73.6,3,2024-10-13,2024,10,13,3,180
83d70d13,2bff9cc4-4,4,18.63,50,9.31,1,2024-09-12,2024,9,12,4,264
8d99e314,9f6995da-c,3,249.98,5,237.48,0,2024-02-28,2024,2,28,6,89
cd42d714,c0062d3e-a,5,131.33,50,65.67,2,2024-10-20,2024,10,20,3,273
1d0d42ed,819cf080-c,6,430.99,5,409.44,0,2024-01-06,2024,1,6,2,52
e8e2315a,3907e89b-b,3,382.07,0,382.07,1,2024-03-19,2024,3,19,5,44
fc8a5cc8,8ab8122b-7,2,177.67,10,159.9,1,2024-07-01,2024,7,1,1,112
ea60235a,b5f03124-1,2,385.62,25,289.22,3,2024-04-03,2024,4,3,6,119
4bd289dd,81792d61-d,2,94.33,10,84.9,3,2024-03-23,2024,3,23,2,130
2928d620,5b4b2513-5,0,403.54,15,343.01,2,2024-02-25,2024,2,25,3,99
35f185be,62fa448b-9,4,301.37,0,301.37,1,2024-08-06,2024,8,6,5,57
63458493,a076e727-e,3,102.67,50,51.34,3,2024-03-01,2024,3,1,0,246
7019cdea,85ce9a52-3,4,457.4,50,228.7,4,2024-07-09,2024,7,9,5,181
58ced1cb,13c71160-0,0,203.25,30,142.27,0,2024-01-29,2024,1,29,1,191
ce979d6e,aac59317-7,6,221.76,0,221.76,0,2024-02-19,2024,2,19,1,70
e45dfd34,6e2c6f03-9,4,105.25,30,73.67,2,2024-04-24,2024,4,24,6,193
b080fc6d,0907acd4-7,4,125.71,5,119.42,3,2024-08-07,2024,8,7,6,109
45251ee1,7439579c-8,2,493.99,50,247.0,0,2024-05-12,2024,5,12,3,174
4413e887,e4c206e9-f,5,158.67,0,158.67,0,2024-01-26,2024,1,26,0,89
16c8c193,1e6bef43-b,1,139.01,15,118.16,4,2024-10-05,2024,10,5,2,175
4e664463,8f262ef1-f,3,186.37,20,149.1,0,2024-03-24,2024,3,24,3,137
e95af48a,bb0b56a8-0,3,398.89,50,199.44,0,2024-01-21,2024,1,21,3,186
480c40b5,c65f5cbc-4,2,15.38,50,7.69,2,2024-03-21,2024,3,21,4,265
1d08f709,3ce3e465-d,1,353.97,0,353.97,2,2024-01-21,2024,1,21,3,64
aa95dfa0,0dba9639-a,4,190.88,10,171.79,4,2024-01-14,2024,1,14,3,110
8f9d6293,8628668e-4,0,470.18,50,235.09,2,2024-06-24,2024,6,24,1,197
6aa4872f,ee1c7116-f,1,184.21,5,175.0,1,2024-08-29,2024,8,29,4,108
d3f9e528,339b8269-a,5,31.22,50,15.61,4,2024-02-07,2024,2,7,6,265
b24dec19,bb49caa3-2,1,376.89,30,263.82,0,2024-03-11,2024,3,11,1,140
527b7e45,bf113b2f-5,4,213.59,0,213.59,1,2024-01-15,2024,1,15,1,74
90d0871f,6ad232d8-0,3,147.85,25,110.89,1,2024-07-19,2024,7,19,0,165
4d00dadf,8adce88d-f,0,281.71,0,281.71,3,2024-05-19,2024,5,19,3,87
633b01bf,825343f1-0,5,57.65,30,40.35,0,2024-06-01,2024,6,1,2,195
2136e170,860e5dd3-0,1,458.91,5,435.96,2,2024-02-01,2024,2,1,4,53
0049cde2,99ec5f3d-c,3,173.36,15,147.36,4,2024-02-22,2024,2,22,4,130
3cd036f6,9eab942b-0,5,250.91,30,175.64,3,2024-08-03,2024,8,3,2,155
dadef6c9,ec854f0f-d,2,410.07,20,328.06,0,2024-01-30,2024,1,30,5,98
9044045e,ebe8b43b-c,1,318.02,50,159.01,1,2024-01-05,2024,1,5,0,212
ba004604,828e8cf5-8,3,291.23,5,276.67,2,2024-11-15,2024,11,15,0,106
e2887ed0,f0fdca6b-4,5,254.27,5,241.56,2,2024-08-19,2024,8,19,1,79
66ef6895,f852678c-a,4,235.02,15,199.77,1,2024-08-19,2024,8,19,1,114
1c959928,d3a06e65-a,1,266.65,15,226.65,1,2024-02-28,2024,2,28,6,117
93074b88,d587cd2f-2,1,228.28,5,216.87,2,2024-09-07,2024,9,7,2,100
1ae291af,d8519efa-7,3,286.86,25,215.15,3,2024-06-28,2024,6,28,0,135
1f830c14,5aca3424-d,3,235.82,50,117.91,0,2024-11-08,2024,11,8,0,254
e9b7da04,ffb9c83c-f,1,418.07,15,355.36,2,2024-09-24,2024,9,24,5,91
c89e560f,fc9b7220-8,6,137.79,0,137.79,0,2024-05-23,2024,5,23,4,96
a04400d0,ff1218f2-a,6,397.37,10,357.63,1,2024-02-03,2024,2,3,2,68
183b54fb,7c966874-4,5,306.61,50,153.31,2,2024-10-10,2024,10,10,4,237
0ea1f885,0c723758-5,5,476.73,20,381.38,1,2024-04-14,2024,4,14,3,87
5ce6d140,4dad1419-5,6,233.8,10,210.42,3,2024-01-03,2024,1,3,6,104
065534e3,c8128ce6-f,0,372.91,25,279.68,0,2024-06-26,2024,6,26,6,144
e041ced0,3db407ae-2,3,203.99,20,163.19,3,2024-02-25,2024,2,25,3,142
4a680801,7105de94-6,6,135.87,25,101.9,2,2024-05-13,2024,5,13,1,168
0102cb1f,8be86f7a-9,0,210.69,10,189.62,1,2024-10-20,2024,10,20,3,152
4b8a3ce1,50c30ff3-4,4,55.36,20,44.29,4,2024-10-05,2024,10,5,2,200
9195a0ff,fd65745e-3,1,392.88,25,294.66,3,2024-10-30,2024,10,30,6,154
b77f7694,57b42657-b,2,297.6,50,148.8,2,2024-01-04,2024,1,4,4,207
1cf3407d,9d5fbb5c-8,6,149.91,25,112.43,1,2024-10-21,2024,10,21,1,196
781b02f1,c4f93075-e,5,484.14,25,363.11,3,2024-11-21,2024,11,21,4,125
d4f497b2,d9ac2b55-c,4,453.99,5,431.29,2,2024-02-03,2024,2,3,2,46
8f95228a,ad17107c-3,5,324.68,25,243.51,2,2024-02-03,2024,2,3,2,130
6365cc96,43f505c8-6,3,37.39,50,18.7,4,2024-07-01,2024,7,1,1,261
f1fd4710,c2b44056-b,4,410.07,50,205.03,0,2024-05-18,2024,5,18,2,185
6798abf1,13741e7f-f,2,323.65,30,226.55,2,2024-07-11,2024,7,11,4,147
23e22794,bbdc6651-3,3,165.56,30,115.89,2,2024-07-24,2024,7,24,6,178
f7f92b48,4ce5173c-6,3,221.03,0,221.03,4,2024-08-27,2024,8,27,5,70
6b417ce5,25583753-9,4,51.27,30,35.89,4,2024-08-31,2024,8,31,2,202
40e362c2,272f1feb-4,5,51.31,50,25.66,3,2024-08-11,2024,8,11,3,258
c9d51371,81bf8c6c-c,4,235.35,15,200.05,4,2024-10-12,2024,10,12,2,145
a0c0b305,3d444ba2-6,1,462.66,20,370.13,0,2024-06-16,2024,6,16,3,97
14fe692a,58741ec0-3,2,67.02,5,63.67,4,2024-01-24,2024,1,24,6,121
0439fca1,6a975f71-2,2,457.96,5,435.06,0,2024-10-04,2024,10,4,0,69
f145c04d,3f87a674-e,2,215.06,0,215.06,3,2024-10-09,2024,10,9,6,108
14008bb0,6e039e31-8,3,49.79,15,42.32,3,2024-01-21,2024,1,21,3,156
09b8e30c,d57ebdfe-f,6,71.25,0,71.25,4,2024-03-14,2024,3,14,4,100
b94ce497,b5cae03d-2,5,47.04,5,44.69,2,2024-10-16,2024,10,16,6,154
5c82e80d,56b1fa03-5,3,250.1,25,187.57,1,2024-07-15,2024,7,15,1,144
26bc1cc6,786e085b-a,4,333.61,10,300.25,2,2024-03-25,2024,3,25,1,81
1e2104bf,5be334f3-b,4,41.85,20,33.48,0,2024-09-27,2024,9,27,0,167
c1b668e8,143b0a24-6,4,94.11,25,70.58,3,2024-08-24,2024,8,24,2,174
e540ae75,2902da20-1,1,486.05,50,243.03,1,2024-09-14,2024,9,14,2,177
b1f48add,772798f1-d,0,293.03,5,278.38,4,2024-04-18,2024,4,18,4,97
3f331c72,965ef4ce-4,6,274.85,5,261.11,2,2024-06-06,2024,6,6,4,76
431691b6,ce301235-0,1,187.3,50,93.65,3,2024-07-21,2024,7,21,3,238
40b0c467,94586749-1,3,297.32,0,297.32,4,2024-10-31,2024,10,31,4,93
bea18811,3f4e0fd0-3,1,55.9,20,44.72,0,2024-11-01,2024,11,1,0,207
411a29ef,9b3c5c8f-a,1,404.85,25,303.64,1,2024-05-02,2024,5,2,4,120
e21a486c,51714cbb-3,5,39.82,5,37.83,3,2024-04-10,2024,4,10,6,132
b501d28d,970d3f0c-a,1,259.65,0,259.65,4,2024-06-22,2024,6,22,2,81
8e8b727c,ab34f455-d,2,29.8,10,26.82,2,2024-03-05,2024,3,5,5,147
eb5366bb,df56e5a2-3,3,352.73,25,264.55,1,2024-01-29,2024,1,29,1,119
8837d8da,6d0321c6-b,2,265.73,10,239.16,0,2024-08-31,2024,8,31,2,101
08a6752d,0ad41cff-3,6,25.94,5,24.64,4,2024-06-19,2024,6,19,6,126
17206a14,46cc5efc-9,4,315.53,0,315.53,4,2024-10-07,2024,10,7,1,84
11ba2467,e9b42654-9,0,96.8,50,48.4,3,2024-06-06,2024,6,6,4,271
cf03c6d8,3a45b287-4,4,229.13,50,114.56,4,2024-05-17,2024,5,17,0,228
58e6ca04,6d122b75-8,5,119.97,50,59.98,2,2024-07-12,2024,7,12,0,244
d2933255,73db29d6-9,2,250.45,10,225.41,3,2024-10-20,2024,10,20,3,125
f41adbe9,b36687ef-b,6,168.44,0,168.44,2,2024-10-26,2024,10,26,2,117
caeb735f,a33cd9a4-a,6,103.8,0,103.8,2,2024-07-29,2024,7,29,1,99
e4ab10c7,2b4369eb-8,6,52.94,15,45.0,3,2024-10-11,2024,10,11,0,181
a69ea338,2215cddb-3,1,368.07,5,349.67,1,2024-01-27,2024,1,27,2,71
f7c63887,85693781-a,0,135.49,25,101.62,4,2024-08-13,2024,8,13,5,192
dc0dbfa8,40c78e8a-c,2,404.46,25,303.34,4,2024-09-17,2024,9,17,5,114
4098b81b,c5bb69e8-1,3,477.36,25,358.02,3,2024-11-20,2024,11,20,6,128
03bbb018,7e201cc8-0,5,187.4,0,187.4,1,2024-05-22,2024,5,22,6,80
61780cc4,1ddb4839-f,1,415.48,15,353.16,0,2024-07-30,2024,7,30,5,95
440ae23c,1b774792-1,4,138.62,10,124.76,3,2024-08-25,2024,8,25,3,117
ba58bbc8,3fffc757-5,5,10.33,0,10.33,0,2024-04-12,2024,4,12,0,121
1cf64412,0c531a40-9,3,423.28,0,423.28,4,2024-02-25,2024,2,25,3,35
8add7d6b,13733608-4,0,372.63,0,372.63,0,2024-07-27,2024,7,27,2,61
e4c9e2e8,efc23d58-a,2,441.72,0,441.72,4,2024-03-28,2024,3,28,4,28
cc5a39bd,c98f8347-4,1,399.38,50,199.69,1,2024-10-24,2024,10,24,4,232
172bd712,257bca99-8,2,428.53,15,364.25,3,2024-04-02,2024,4,2,5,83
f3fbacfa,e7e972e1-b,2,308.6,10,277.74,0,2024-03-24,2024,3,24,3,88
069d9e68,aea633be-6,6,452.0,15,384.2,0,2024-05-23,2024,5,23,4,71
2d37b12b,638f689c-2,4,233.42,0,233.42,1,2024-07-11,2024,7,11,4,74
3f77ce33,452b4ded-0,2,24.55,10,22.1,4,2024-02-06,2024,2,6,5,143
fc0f137f,7f84540b-f,3,196.1,15,166.69,1,2024-07-03,2024,7,3,6,128
7a50730b,5a1355a8-c,6,227.48,0,227.48,2,2024-04-08,2024,4,8,1,73
4941470e,4635b113-8,3,318.83,20,255.06,3,2024-04-12,2024,4,12,0,113
addb5998,54dc6586-b,6,186.5,50,93.25,1,2024-03-05,2024,3,5,5,228
6d496aca,9c03e74e-5,1,141.28,20,113.02,0,2024-04-21,2024,4,21,3,166
145a48bb,d903018d-c,2,121.13,0,121.13,3,2024-05-22,2024,5,22,6,91
d960a0a3,a955efd5-3,5,87.7,0,87.7,1,2024-07-07,2024,7,7,3,99
91537fcc,5cdea072-d,1,247.3,25,185.48,0,2024-07-21,2024,7,21,3,151
2a015472,7226de32-a,4,10.82,25,8.12,0,2024-04-14,2024,4,14,3,190
6211b620,1be63723-a,3,200.86,10,180.77,3,2024-01-18,2024,1,18,4,105
178230e0,ce70b83a-b,2,32.66,15,27.76,0,2024-07-22,2024,7,22,1,162
4c628b08,9c22d058-e,1,498.59,10,448.73,4,2024-04-10,2024,4,10,6,63
cdf7235f,9c80f68b-7,2,276.84,30,193.79,4,2024-04-06,2024,4,6,2,150
75d5a2bb,eaf0bd4e-6,0,62.2,5,59.09,0,2024-08-16,2024,8,16,0,145
2fcdb2c6,9823aeae-9,3,75.65,15,64.3,1,2024-04-30,2024,4,30,5,149
f68e5e35,34b2c858-e,4,442.91,0,442.91,3,2024-10-21,2024,10,21,1,56
d12bbb22,08be4b5f-8,3,205.35,0,205.35,4,2024-10-05,2024,10,5,2,106
4c3ee940,f07dfff0-3,3,370.3,30,259.21,0,2024-08-21,2024,8,21,6,130
054dbda0,55767258-f,6,251.66,15,213.91,2,2024-09-29,2024,9,29,3,114
d91f5633,f83c9a9f-8,4,467.8,0,467.8,2,2024-04-20,2024,4,20,2,24
e4cf6aad,2e319782-b,5,428.97,10,386.07,4,2024-10-30,2024,10,30,6,91
d8e741ba,f5406e9f-0,5,479.89,15,407.91,1,2024-06-25,2024,6,25,5,66
064a90e8,9d2666f1-9,3,451.74,20,361.39,2,2024-08-29,2024,8,29,4,92
e0682864,bda21a04-9,5,189.54,25,142.16,2,2024-08-03,2024,8,3,2,157
7c00fe48,4a7d5999-0,0,61.47,20,49.18,4,2024-10-25,2024,10,25,0,220
ed00aa00,e8d63fa7-6,4,406.13,50,203.06,4,2024-01-21,2024,1,21,3,187
df2ac223,d6d06f86-5,0,233.79,20,187.03,2,2024-09-30,2024,9,30,1,149
7dba6d8a,7baf5c66-7,1,117.37,0,117.37,3,2024-03-08,2024,3,8,0,108
eb342dbe,7521556b-9,2,146.37,25,109.78,0,2024-02-01,2024,2,1,4,164
1aa72558,e720ba94-6,2,262.71,10,236.44,3,2024-05-20,2024,5,20,1,93
cd9edb10,887725db-e,3,374.98,30,262.49,1,2024-01-29,2024,1,29,1,133
54496df2,c364eefe-b,6,206.92,25,155.19,2,2024-08-14,2024,8,14,6,156
1d431cd4,e63d4065-9,0,126.06,0,126.06,4,2024-10-11,2024,10,11,0,142
3a6c34b5,9d783d45-f,6,216.8,30,151.76,0,2024-08-04,2024,8,4,3,164
37be8f06,13f8e517-6,1,48.15,10,43.34,3,2024-04-18,2024,4,18,4,146
bb77f1c9,7af7b6b9-8,0,339.34,0,339.34,4,2024-03-28,2024,3,28,4,72
7ccb26b8,d1980e92-c,5,130.51,30,91.36,0,2024-06-23,2024,6,23,3,188
abb31c38,95e0e113-3,1,58.82,5,55.88,3,2024-03-03,2024,3,3,3,129
fe77fa94,baa2239a-2,6,440.49,5,418.47,0,2024-06-18,2024,6,18,5,47
f74f4cb1,c6712c79-0,2,216.4,0,216.4,4,2024-05-07,2024,5,7,5,73
3991123d,074ac86a-e,2,44.95,5,42.7,4,2024-08-14,2024,8,14,6,123
8cf4c24b,1840b0df-0,3,284.9,0,284.9,4,2024-07-28,2024,7,28,3,62
67bc2d14,970c7b44-e,0,407.75,25,305.81,3,2024-03-30,2024,3,30,2,130
c2d31eea,c24d3b93-9,4,28.94,10,26.05,2,2024-07-21,2024,7,21,3,140
90491250,fc58d2fa-b,0,279.34,5,265.37,4,2024-09-05,2024,9,5,4,103
097f2ccb,17e7359b-d,5,403.49,10,363.14,1,2024-01-02,2024,1,2,5,72
d912b7eb,f70dd60a-e,3,266.16,5,252.85,0,2024-08-13,2024,8,13,5,77
cc2c2a64,203b195c-f,6,59.11,25,44.33,4,2024-05-26,2024,5,26,3,188
4e781226,503beecd-3,2,492.24,30,344.57,1,2024-09-04,2024,9,4,6,107
2921198f,c19b4c84-1,6,181.73,15,154.47,3,2024-06-04,2024,6,4,5,130
27bb9508,66dbeb49-b,3,362.98,0,362.98,4,2024-07-16,2024,7,16,5,50
5f7e6988,e4ea1690-0,4,164.7,10,148.23,1,2024-03-10,2024,3,10,3,118
2799503e,2e17abb5-e,6,469.41,5,445.94,0,2024-10-19,2024,10,19,2,68
8383353b,59dc4ca6-c,4,357.41,25,268.06,1,2024-03-08,2024,3,8,0,126
a9483365,a4744089-d,4,446.21,30,312.35,4,2024-05-30,2024,5,30,4,117
d266a374,6f13d2ba-3,2,170.8,20,136.64,0,2024-08-23,2024,8,23,0,144
a6d6328d,26a6952d-5,5,122.58,20,98.06,0,2024-04-11,2024,4,11,4,158
65f5b50d,98fa1373-2,4,493.51,10,444.16,0,2024-09-24,2024,9,24,5,48
a0e96a4e,50abae2d-e,4,278.5,50,139.25,4,2024-09-01,2024,9,1,3,215
1be4767d,ac86b890-3,4,176.59,50,88.3,3,2024-07-24,2024,7,24,6,229
24f89561,76573101-d,0,72.08,15,61.27,4,2024-07-15,2024,7,15,1,168
f00862a4,6aedd577-8,0,497.92,25,373.44,2,2024-01-07,2024,1,7,3,113
43ed571c,45719f00-6,0,333.66,5,316.98,3,2024-08-19,2024,8,19,1,89
d35184fe,5e4a3b63-e,0,416.11,0,416.11,1,2024-04-17,2024,4,17,6,58
894270ec,81356275-a,2,494.49,30,346.14,2,2024-01-29,2024,1,29,1,106
fdd0b0b7,f1f419a7-2,2,22.12,50,11.06,2,2024-03-15,2024,3,15,0,264
994a1cfa,1b8adf6e-1,6,178.5,25,133.88,0,2024-11-15,2024,11,15,0,190
ae5bc048,60d1aaff-6,1,219.2,30,153.44,2,2024-04-27,2024,4,27,2,174
a6c4e58f,c2722564-1,3,310.01,10,279.01,2,2024-07-25,2024,7,25,4,85
678d234e,70038a77-7,6,175.18,10,157.66,2,2024-06-19,2024,6,19,6,112
014b0b14,411d96de-8,0,464.54,10,418.09,0,2024-03-28,2024,3,28,4,77
b3ea2594,f79a86d6-7,5,345.03,25,258.77,1,2024-05-24,2024,5,24,0,126
af04c017,5a21c9b3-0,3,269.89,5,256.4,1,2024-08-03,2024,8,3,2,77
dfb53be4,d4e58542-6,3,443.26,10,398.93,1,2024-01-16,2024,1,16,5,60
af0d5699,ae992cfe-8,3,421.99,0,421.99,3,2024-09-16,2024,9,16,1,33
5d45dd12,a8dc7ad5-e,1,270.41,5,256.89,4,2024-07-21,2024,7,21,3,87
59dd175f,a654ef13-7,2,245.22,50,122.61,3,2024-03-17,2024,3,17,3,221
5c528d02,51f64685-1,5,258.5,20,206.8,3,2024-04-26,2024,4,26,0,133
07bba05f,c336381e-2,1,409.67,20,327.74,4,2024-10-09,2024,10,9,6,138
63fb3f26,d3252599-5,1,135.25,25,101.44,1,2024-09-22,2024,9,22,3,178
72ae5a86,1119a5d9-e,6,323.14,25,242.35,4,2024-02-11,2024,2,11,3,129
be6c3104,94754bb1-a,4,56.46,30,39.52,2,2024-05-22,2024,5,22,6,198
ec701be3,fefd3d88-4,2,338.11,0,338.11,0,2024-09-29,2024,9,29,3,51
bbb3b5c2,bb287ce6-e,2,496.13,15,421.71,2,2024-06-11,2024,6,11,5,66
9663a01a,3e6d5f1a-6,1,476.97,10,429.27,1,2024-05-14,2024,5,14,5,60
9a4f1e61,2f050590-8,2,195.46,20,156.37,4,2024-06-20,2024,6,20,4,145
f6cad0c5,a07b6eb7-8,6,200.87,0,200.87,1,2024-06-07,2024,6,7,0,78
2d3fc0c1,f2efe2c9-0,5,12.7,50,6.35,3,2024-02-08,2024,2,8,4,267
1bcc7d66,0f9b23d4-b,1,46.81,20,37.45,0,2024-02-29,2024,2,29,4,180
9214a7aa,3c4e266b-1,4,447.61,10,402.85,1,2024-06-09,2024,6,9,3,59
c2ecd5b9,ba1aeddc-6,1,236.71,25,177.53,4,2024-02-15,2024,2,15,4,161
4ea030a8,3dd3a0c6-9,2,30.85,15,26.22,2,2024-11-15,2024,11,15,0,189
5ddf14d8,309e09ed-b,4,254.08,15,215.97,1,2024-10-05,2024,10,5,2,148
c266e272,88a25e14-f,2,234.28,25,175.71,0,2024-04-20,2024,4,20,2,150
bde0021d,fb27cf00-b,6,286.83,20,229.46,3,2024-07-18,2024,7,18,4,123
a80c009d,2080ce3e-5,0,266.23,30,186.36,4,2024-04-15,2024,4,15,1,175
24c878ae,74b9a1c6-9,1,97.64,10,87.88,3,2024-11-05,2024,11,5,5,165
7fc67a24,5421b4c8-f,2,113.41,0,113.41,4,2024-06-02,2024,6,2,3,96
400dbaf4,ce358136-a,5,495.55,5,470.77,4,2024-03-17,2024,3,17,3,39
7a0f6041,15983b6d-0,4,222.65,15,189.25,2,2024-04-16,2024,4,16,5,116
f27e1207,7d8dd0f0-2,5,393.04,5,373.39,1,2024-08-24,2024,8,24,2,55
eae2f779,522fb9fb-8,0,196.56,30,137.59,4,2024-06-22,2024,6,22,2,189
ff91160c,6b089f15-e,5,290.25,0,290.25,4,2024-05-02,2024,5,2,4,57
dce9df30,7fb86df7-8,5,379.93,30,265.95,2,2024-10-26,2024,10,26,2,163
c92d8776,61607168-d,3,171.18,25,128.38,1,2024-11-03,2024,11,3,3,188
75e0ba29,1a020527-c,4,149.3,5,141.84,4,2024-10-16,2024,10,16,6,130
21d9914c,e35274e1-8,2,222.07,25,166.55,0,2024-05-25,2024,5,25,2,147
31efc044,5fe8d63f-5,0,52.29,0,52.29,4,2024-09-23,2024,9,23,1,124
36ca8907,c1ea1c05-0,1,58.85,50,29.43,2,2024-10-12,2024,10,12,2,303
1ee3dec3,48aa9a64-c,4,273.13,20,218.5,2,2024-08-25,2024,8,25,3,124
53c0836e,015db72c-0,1,127.6,30,89.32,0,2024-05-10,2024,5,10,0,192
3da3aba7,e3508600-6,2,82.43,20,65.94,0,2024-10-26,2024,10,26,2,194
09642f7b,677e9d50-8,1,269.76,20,215.81,1,2024-05-23,2024,5,23,4,135
666b1b8b,04ccaf0f-6,5,337.7,10,303.93,4,2024-03-30,2024,3,30,2,86
551167cb,e66c1407-e,4,353.08,0,353.08,2,2024-01-05,2024,1,5,0,47
06d390ac,ea8fb66a-8,5,436.99,20,349.59,2,2024-04-18,2024,4,18,4,88
a0944d1e,1cf43582-9,1,384.23,15,326.6,2,2024-11-21,2024,11,21,4,126
19eb99df,6ed09154-a,2,243.88,20,195.1,1,2024-01-06,2024,1,6,2,127
ce065ab2,17e8e153-e,4,261.8,50,130.9,3,2024-05-13,2024,5,13,1,219
ff264d6a,e00ace59-9,1,471.02,20,376.82,3,2024-02-11,2024,2,11,3,92
c2447899,31421ef6-3,3,437.56,25,328.17,2,2024-08-28,2024,8,28,6,110
2ca25b33,c48b3198-1,6,433.53,10,390.18,0,2024-10-01,2024,10,1,5,91
a1e6b647,397e3df0-7,4,414.73,20,331.78,3,2024-09-02,2024,9,2,1,97
ed2e3289,4730cccc-1,4,121.2,20,96.96,1,2024-02-03,2024,2,3,2,159
c97b3e2d,6ac06d61-0,4,479.54,0,479.54,4,2024-01-09,2024,1,9,5,23
008ac58b,941bb2a0-3,4,296.45,5,281.63,2,2024-10-10,2024,10,10,4,109
53e1818f,3baea861-d,0,286.43,15,243.47,0,2024-02-09,2024,2,9,0,122
c0d0e868,fa0af2c6-1,4,143.24,5,136.08,1,2024-09-10,2024,9,10,5,109
d4515858,586cb8e2-1,6,313.68,0,313.68,2,2024-01-26,2024,1,26,0,52
5f0bbdfb,df20c732-7,4,224.68,30,157.28,3,2024-01-28,2024,1,28,3,167
dd7cd6f2,9c83496b-c,6,232.86,20,186.29,0,2024-08-04,2024,8,4,3,136
3bdcafad,49cf6bb4-d,6,63.37,20,50.7,4,2024-04-23,2024,4,23,5,170
847a300e,233f387c-1,2,103.44,30,72.41,2,2024-09-21,2024,9,21,2,184
681e2800,48db1429-2,2,488.6,25,366.45,0,2024-04-13,2024,4,13,2,93
4d77d1d3,d858c042-1,4,371.23,5,352.67,2,2024-05-01,2024,5,1,6,55
18ceee25,2883c4ac-f,6,386.7,20,309.36,4,2024-09-07,2024,9,7,2,106
22cc7cea,dadc64fc-7,3,370.53,0,370.53,4,2024-07-08,2024,7,8,1,41
3175823b,fb9b8a28-0,3,135.13,5,128.37,4,2024-01-14,2024,1,14,3,111
e21f5fd1,f14c6602-a,3,448.19,5,425.78,1,2024-07-19,2024,7,19,0,47
3cfe3f1d,38ca7a74-1,4,140.0,5,133.0,4,2024-03-08,2024,3,8,0,106
cd4393ab,b9814c5b-8,4,430.03,30,301.02,4,2024-08-25,2024,8,25,3,128
36056157,5c564283-5,2,478.79,5,454.85,1,2024-08-27,2024,8,27,5,40
2ece1205,cc4ba47c-4,6,261.25,30,182.88,3,2024-10-14,2024,10,14,1,183
066a0e2f,d79a97af-7,1,444.77,25,333.58,0,2024-11-03,2024,11,3,3,148
2f1fa8ae,63966cd3-e,2,102.54,30,71.78,2,2024-08-04,2024,8,4,3,194
b3c4394e,7f6bc8e2-e,1,52.51,25,39.38,1,2024-08-06,2024,8,6,5,194
cd3d2fd4,9937c112-8,2,425.83,10,383.25,3,2024-03-19,2024,3,19,5,66
18a7315f,81ecd3ab-c,3,455.26,15,386.97,3,2024-01-18,2024,1,18,4,68
0d6a5b96,a476f50b-b,3,199.44,15,169.52,1,2024-06-22,2024,6,22,2,120
c0363e36,965e5e98-c,0,96.61,5,91.78,4,2024-09-07,2024,9,7,2,136
4ce205d9,cb57e30b-c,4,265.18,5,251.92,4,2024-07-30,2024,7,30,5,83
63080f53,a18c2dc8-6,2,241.58,30,169.11,4,2024-04-10,2024,4,10,6,158
99f588a5,d628dc52-4,2,20.79,50,10.39,3,2024-02-06,2024,2,6,5,264
12a6e549,fc41815f-e,2,52.46,0,52.46,4,2024-10-10,2024,10,10,4,134
1304dddb,b9117808-0,6,264.94,15,225.2,0,2024-06-01,2024,6,1,2,113
5d42a5ff,1791f55a-d,5,190.85,15,162.22,3,2024-01-01,2024,1,1,1,125
5bf29639,7160c687-8,6,307.03,30,214.92,3,2024-07-25,2024,7,25,4,150
72567069,274655e4-e,0,271.29,0,271.29,1,2024-07-15,2024,7,15,1,87
e6cbe081,a0af3ec3-9,2,394.16,0,394.16,4,2024-04-02,2024,4,2,5,44
ba25a4d4,a58f35a8-e,1,152.41,50,76.2,4,2024-11-08,2024,11,8,0,280
9e379d53,3ffe4523-6,2,197.51,20,158.01,2,2024-11-08,2024,11,8,0,175
c2252a4a,c20acdec-f,5,412.15,20,329.72,2,2024-02-07,2024,2,7,6,92
e71a6cd8,49bf1cb4-b,3,389.86,10,350.87,3,2024-07-11,2024,7,11,4,69
4619caa9,a1fb2513-7,2,235.54,30,164.88,3,2024-02-10,2024,2,10,2,164
316e72b1,41c59c9b-6,0,227.56,5,216.18,3,2024-10-02,2024,10,2,6,136
0f11e6c8,dd69f824-e,3,484.75,10,436.28,3,2024-10-02,2024,10,2,6,85
903af8b1,27edc33a-b,0,82.9,20,66.32,1,2024-11-10,2024,11,10,3,208
e6a28a9a,b4df519d-3,5,17.03,25,12.77,2,2024-03-14,2024,3,14,4,190
ab421cc2,f5d84932-c,5,290.57,25,217.93,3,2024-04-21,2024,4,21,3,134
ea94aad2,2dca1666-7,2,147.97,5,140.57,2,2024-09-09,2024,9,9,1,104
f9383d86,7af4e869-5,4,350.82,30,245.57,2,2024-11-16,2024,11,16,2,171
ecaeb17c,f355dbeb-0,6,315.16,10,283.64,1,2024-10-17,2024,10,17,4,120
17579278,cfaae2b3-e,2,332.54,30,232.78,1,2024-01-17,2024,1,17,6,141
61dabebb,f9d9bdde-6,0,249.14,15,211.77,2,2024-05-08,2024,5,8,6,140
46788479,f1898a02-a,0,438.9,30,307.23,0,2024-01-02,2024,1,2,5,140
69ced3cb,943bb270-4,0,260.01,15,221.01,4,2024-10-27,2024,10,27,3,159
966cb7b1,68186695-8,0,427.72,30,299.4,4,2024-07-03,2024,7,3,6,145
a002abc7,2ef7f9b2-0,3,243.29,25,182.47,3,2024-10-17,2024,10,17,4,173
3467a8f9,3b735a05-d,3,360.82,5,342.78,4,2024-06-17,2024,6,17,1,59
77dc4e1e,13dfffe6-c,4,426.84,15,362.81,3,2024-01-11,2024,1,11,4,84
9ec98fc0,edae5249-0,0,25.36,25,19.02,2,2024-04-09,2024,4,9,5,213
c66571e9,e9696ff1-7,2,219.93,25,164.95,1,2024-09-20,2024,9,20,0,150
1cb03de1,776fa794-3,3,104.5,20,83.6,3,2024-07-09,2024,7,9,5,158
f17e39c3,a552d4bc-8,4,28.34,25,21.25,4,2024-09-19,2024,9,19,4,189
4c2e1ade,ba62c94d-d,0,301.06,5,286.01,3,2024-09-11,2024,9,11,6,96
5790d253,383c3aab-0,1,74.9,5,71.16,4,2024-09-30,2024,9,30,1,134
8f9251fe,0fab0af4-7,1,350.21,20,280.17,2,2024-07-19,2024,7,19,0,119
0e594526,e5f942f3-8,6,43.23,30,30.26,1,2024-07-03,2024,7,3,6,196
41b3b567,07df35b4-9,6,386.36,20,309.09,0,2024-02-01,2024,2,1,4,104
ddd43296,fe974b83-c,2,172.92,50,86.46,2,2024-05-03,2024,5,3,0,237
9c1af3a0,35ed32b8-0,1,25.98,15,22.08,3,2024-09-17,2024,9,17,5,172
af02dfd4,f7e31ff0-3,2,435.14,15,369.87,2,2024-10-27,2024,10,27,3,110
e7c1bef5,f934d520-d,1,134.42,25,100.81,2,2024-06-04,2024,6,4,5,174
3885e4b0,01d22c80-5,5,296.55,5,281.72,1,2024-07-08,2024,7,8,1,71
92b25a6f,53c83493-b,4,105.52,0,105.52,3,2024-05-25,2024,5,25,2,95
826d3bd2,b18c0e0f-7,6,338.82,50,169.41,3,2024-05-19,2024,5,19,3,197
4408ba1e,0c1b665c-f,3,165.23,15,140.45,2,2024-02-04,2024,2,4,3,129
0d83d591,e9d5ad81-4,3,384.9,20,307.92,4,2024-08-07,2024,8,7,6,101
4e493c65,ee2f115e-2,4,423.56,5,402.38,3,2024-06-08,2024,6,8,2,53
52345814,5a620590-5,0,139.84,0,139.84,4,2024-02-26,2024,2,26,1,115
de7e833d,ecde892a-6,1,492.78,5,468.14,2,2024-08-26,2024,8,26,1,49
2ffde046,f72e811d-c,4,220.92,5,209.87,4,2024-03-28,2024,3,28,4,94
10ff6293,28f61b71-1,4,365.04,30,255.53,4,2024-02-01,2024,2,1,4,137
6281837d,5cff4a42-6,5,385.34,20,308.27,4,2024-03-14,2024,3,14,4,98
4f804eec,2531d8cb-d,1,458.94,0,458.94,4,2024-10-28,2024,10,28,1,72
a4918e3a,3a6f68d0-c,1,287.43,50,143.72,3,2024-05-14,2024,5,14,5,221
c29dbb36,dec78273-c,4,383.01,0,383.01,2,2024-01-12,2024,1,12,0,41
85817290,cc2a189c-2,0,62.51,30,43.76,3,2024-10-06,2024,10,6,3,252
794b1ea3,1f5ed0c6-f,0,210.68,30,147.48,4,2024-04-06,2024,4,6,2,189
189129b3,b2469e12-a,3,59.48,50,29.74,1,2024-07-10,2024,7,10,6,254
e6a4031d,130534bb-e,5,415.39,15,353.08,0,2024-06-12,2024,6,12,6,81
575a90ff,2e43f4f8-8,6,323.5,5,307.32,0,2024-05-24,2024,5,24,0,69
79a5ec12,7b06e4f3-1,4,268.81,0,268.81,4,2024-08-19,2024,8,19,1,62
494e205f,244356f2-8,3,247.41,5,235.04,1,2024-10-17,2024,10,17,4,120
ffcf6748,16470a66-0,5,142.35,5,135.23,3,2024-04-17,2024,4,17,6,110
824cc911,540132b9-4,6,228.46,5,217.04,2,2024-03-19,2024,3,19,5,84
bb2530af,595ac82f-6,3,390.22,10,351.2,1,2024-03-19,2024,3,19,5,73
60473d61,63508b8e-4,3,98.89,15,84.06,2,2024-04-22,2024,4,22,1,141
f9c6383e,25257708-b,5,475.72,10,428.15,0,2024-06-03,2024,6,3,1,55
3dba894a,1482500a-e,2,312.28,15,265.44,3,2024-03-01,2024,3,1,0,105
e1b8ee3b,39f3ffa9-f,2,365.44,20,292.35,2,2024-04-22,2024,4,22,1,109
7970e3a5,bd577fc8-d,1,209.3,5,198.84,1,2024-01-18,2024,1,18,4,105
b298d2f9,acd7f9c1-7,6,484.65,50,242.32,1,2024-10-02,2024,10,2,6,208
6142fb57,3abe5b39-e,2,217.91,10,196.12,1,2024-03-25,2024,3,25,1,110
ccdc4be0,a4248d87-7,4,427.63,25,320.72,2,2024-11-08,2024,11,8,0,142
82732895,ba13da59-b,1,390.58,5,371.05,2,2024-03-23,2024,3,23,2,62
bd3518f0,73bd1e59-9,2,90.01,30,63.01,4,2024-07-15,2024,7,15,1,191
0e7ece51,63f3bf90-9,4,388.41,25,291.31,0,2024-07-22,2024,7,22,1,115
c44b9ac7,72646c94-a,1,496.31,25,372.23,0,2024-07-18,2024,7,18,4,103
9047f8f2,819f0936-f,4,170.91,10,153.82,2,2024-02-27,2024,2,27,5,114
f26ee426,5cc16227-8,1,497.95,10,448.15,2,2024-08-18,2024,8,18,3,57
4ec1bc01,93d9b420-b,0,208.23,50,104.11,2,2024-03-22,2024,3,22,0,243
e5df4881,84262d16-1,3,37.82,5,35.93,2,2024-07-10,2024,7,10,6,129
8e934ff3,7f56151a-9,0,365.18,15,310.4,4,2024-06-04,2024,6,4,5,110
6b9506f3,1a6e3dfa-a,2,323.74,10,291.37,2,2024-03-19,2024,3,19,5,82
040f37d3,b6968744-f,1,61.68,10,55.51,0,2024-02-25,2024,2,25,3,151
d13e8e69,be9d0033-a,0,177.76,10,159.98,0,2024-07-18,2024,7,18,4,135
9751079d,57a18d6a-0,3,132.78,0,132.78,0,2024-01-21,2024,1,21,3,94
0b8bde5a,562a51c3-c,3,328.44,0,328.44,2,2024-08-16,2024,8,16,0,49
1885865d,36e91c9a-3,3,207.86,10,187.07,1,2024-04-02,2024,4,2,5,111
29ca507d,c30ec252-d,0,494.21,10,444.79,4,2024-10-14,2024,10,14,1,97
f95064b0,49f5da4e-a,0,356.61,20,285.29,1,2024-05-14,2024,5,14,5,127
b1b67655,693073b2-c,0,308.57,10,277.71,2,2024-02-26,2024,2,26,1,107
f8e9efff,b79c15f2-b,2,457.38,20,365.9,0,2024-11-17,2024,11,17,3,120
b306a090,dce0fa17-a,0,376.51,15,320.03,4,2024-02-11,2024,2,11,3,111
3f30ad0d,c883cfbc-e,3,174.27,0,174.27,2,2024-08-18,2024,8,18,3,86
03b2bf85,8f95a763-9,5,89.61,20,71.69,1,2024-04-11,2024,4,11,4,163
f25423e1,c70d41ca-b,4,457.48,30,320.24,0,2024-08-26,2024,8,26,1,123
7b48c570,de176f57-6,5,468.83,30,328.18,2,2024-01-02,2024,1,2,5,116
bde07b7e,717ed3a6-d,3,52.31,30,36.62,3,2024-02-25,2024,2,25,3,199
188c6595,07874128-1,5,22.6,0,22.6,0,2024-11-13,2024,11,13,6,150
9b6d0db5,2d8a8589-1,0,117.78,25,88.34,2,2024-03-29,2024,3,29,0,194
94001b21,0e7a2269-1,1,107.72,15,91.56,2,2024-06-09,2024,6,9,3,153
5ecc6de9,d593dcbf-e,5,362.7,50,181.35,2,2024-10-03,2024,10,3,4,223
2c42e5cd,f303f0e3-1,4,210.86,10,189.77,1,2024-05-10,2024,5,10,0,103
d2b333f0,1dfa2788-6,1,341.41,10,307.27,3,2024-07-15,2024,7,15,1,90
0eeae089,03a1c4ff-3,0,205.75,50,102.88,0,2024-01-19,2024,1,19,0,246
7159f3c4,bcf95241-9,5,292.11,30,204.48,4,2024-02-01,2024,2,1,4,156
a1ac7f49,aa363a36-7,6,323.34,30,226.34,3,2024-04-04,2024,4,4,4,141
092a5a44,80478563-7,1,168.56,0,168.56,3,2024-07-15,2024,7,15,1,93
80238ffc,e286045f-0,3,477.51,30,334.26,4,2024-02-02,2024,2,2,0,115
90733f8f,4fd01d30-d,0,455.09,20,364.07,0,2024-05-09,2024,5,9,4,110
b5538ebf,896761ed-f,1,80.01,15,68.01,1,2024-01-02,2024,1,2,5,158
01966801,bb0bd498-7,3,387.62,50,193.81,1,2024-09-12,2024,9,12,4,197
5081323a,f1bc8bc3-c,0,243.65,0,243.65,0,2024-10-26,2024,10,26,2,120
5098abbf,cb47f33f-8,2,437.91,5,416.01,1,2024-04-05,2024,4,5,0,42
64775252,0d67cfca-0,5,406.83,15,345.81,3,2024-07-24,2024,7,24,6,85
683c3f3b,864a88f7-5,4,259.15,0,259.15,1,2024-05-10,2024,5,10,0,65
7cd4d2c6,d1eb1bae-e,6,232.96,50,116.48,1,2024-10-28,2024,10,28,1,253
e1fa3fe4,7d98618f-2,6,42.38,15,36.02,4,2024-07-05,2024,7,5,0,153
c8be2ec5,576c73b7-4,2,328.41,20,262.73,0,2024-09-30,2024,9,30,1,115
8b3bf27b,a2e789d0-4,4,246.18,30,172.33,3,2024-09-05,2024,9,5,4,161
893a6c4a,ea6832c8-6,0,455.96,5,433.16,4,2024-09-25,2024,9,25,6,66
9f0cd093,21560ace-1,5,331.06,20,264.85,3,2024-03-29,2024,3,29,0,112
47fc4fce,8a46b2a2-c,6,399.06,5,379.11,2,2024-03-10,2024,3,10,3,57
f5109550,e3b04091-f,6,364.43,50,182.22,0,2024-11-09,2024,11,9,2,231
e4985f97,66150296-4,6,275.78,30,193.05,3,2024-08-17,2024,8,17,2,158
57c89f75,65f9519c-3,1,386.62,15,328.63,3,2024-11-03,2024,11,3,3,129
29b418a7,741436e6-7,5,468.72,30,328.1,4,2024-08-12,2024,8,12,1,111
0511d865,869241b6-0,4,78.92,25,59.19,1,2024-01-21,2024,1,21,3,178
493c00b1,3b9bc0ec-8,4,430.85,20,344.68,4,2024-04-09,2024,4,9,5,90
40f21ce7,c5d5857f-a,6,331.73,15,281.97,2,2024-08-21,2024,8,21,6,93
d3df5089,c1fcc06b-8,5,183.74,20,146.99,3,2024-01-16,2024,1,16,5,141
7e60caed,87ff490c-e,2,396.57,20,317.26,2,2024-08-26,2024,8,26,1,102
bf9dc5bd,5d86cb7e-c,6,377.73,0,377.73,0,2024-11-05,2024,11,5,5,71
7b86c8f9,e9c2c89a-2,1,211.97,15,180.17,2,2024-08-29,2024,8,29,4,136
31ee86d0,dea0d8ef-d,2,210.56,20,168.45,1,2024-10-11,2024,10,11,0,163
276261b1,1e824663-0,0,76.11,50,38.05,2,2024-03-22,2024,3,22,0,279
ce14a2e7,f6f2dc31-9,1,152.92,20,122.34,0,2024-02-04,2024,2,4,3,162
b512b747,7aafb2cb-3,4,373.51,5,354.83,3,2024-03-11,2024,3,11,1,64
3ab536f9,5f579136-a,2,379.29,5,360.33,3,2024-03-07,2024,3,7,4,58
d8661551,182d97bc-c,5,185.28,30,129.7,1,2024-01-26,2024,1,26,0,173
be52378d,456a22e6-5,2,116.77,5,110.93,1,2024-08-09,2024,8,9,0,116
df3c4407,3cba2745-2,2,392.84,25,294.63,3,2024-06-12,2024,6,12,6,121
1e0f3878,793513ba-9,0,310.58,20,248.46,3,2024-03-11,2024,3,11,1,133
2f779c7b,1a0925e6-3,2,166.25,0,166.25,4,2024-02-01,2024,2,1,4,89
521da082,868d34fe-c,2,158.02,5,150.12,0,2024-01-03,2024,1,3,6,106
f88ba5dc,2efe483e-1,5,396.49,0,396.49,1,2024-04-07,2024,4,7,3,38
0750df4a,42f0e639-2,3,182.87,0,182.87,0,2024-05-26,2024,5,26,3,81
fdb03abd,408cde63-b,2,449.47,30,314.63,2,2024-03-24,2024,3,24,3,120
824c4471,f88ccf3d-d,4,336.95,30,235.86,2,2024-11-01,2024,11,1,0,176
91619757,965b9199-b,5,377.0,0,377.0,4,2024-02-24,2024,2,24,2,48
e6090c66,92e681b3-c,2,310.93,15,264.29,3,2024-03-19,2024,3,19,5,106
deaef9d5,db892307-f,1,31.08,50,15.54,1,2024-10-11,2024,10,11,0,303
83e71ba6,58e7f616-5,5,399.88,5,379.89,1,2024-09-02,2024,9,2,1,50
9210ee78,0b1da022-c,0,60.84,10,54.76,1,2024-04-06,2024,4,6,2,160
a9d0d978,3254a62d-e,6,242.35,50,121.17,3,2024-10-05,2024,10,5,2,247
076f21ca,7310a662-e,0,42.85,0,42.85,1,2024-01-06,2024,1,6,2,130
7e34298b,bc200efb-e,1,281.84,25,211.38,1,2024-10-15,2024,10,15,5,181
adb5583f,b4cfc871-d,3,340.11,25,255.08,4,2024-06-03,2024,6,3,1,124
17136587,5966ef80-9,1,447.4,20,357.92,1,2024-09-19,2024,9,19,4,105
176bbab8,5fc89cd5-4,4,396.78,50,198.39,2,2024-09-15,2024,9,15,3,187
8297a01f,3d2f62bd-b,4,226.61,0,226.61,3,2024-06-28,2024,6,28,0,75
b803aace,476bde88-a,3,87.03,5,82.68,3,2024-07-17,2024,7,17,6,117
1b10748b,916e62e8-4,3,11.16,5,10.6,4,2024-08-16,2024,8,16,0,134
7f8dc9a4,ae245da1-5,5,52.31,50,26.16,2,2024-06-20,2024,6,20,4,256
4ec47a3b,2117c581-f,5,106.47,30,74.53,4,2024-01-14,2024,1,14,3,187
3c7b4f3a,71ec0c67-4,4,67.95,50,33.98,2,2024-06-22,2024,6,22,2,260
c1f52ae7,c4f0d6b6-8,5,83.78,15,71.21,1,2024-03-28,2024,3,28,4,146
b8adfe0b,9faa3baf-9,3,14.58,10,13.12,2,2024-10-17,2024,10,17,4,175
15e54ccd,26dc7c92-a,5,176.41,20,141.13,2,2024-09-10,2024,9,10,5,142
7b78efe2,ae6b2acd-b,2,299.87,5,284.88,1,2024-01-28,2024,1,28,3,79
668862c5,51ae97b7-4,3,244.89,0,244.89,4,2024-02-27,2024,2,27,5,73
413a34dc,d08d3d0c-f,2,366.52,20,293.22,4,2024-06-05,2024,6,5,6,106
78aff56b,cd3d6d2e-4,3,195.26,5,185.5,1,2024-11-16,2024,11,16,2,122
bbb101a4,dd0f4845-3,0,320.98,5,304.93,4,2024-10-28,2024,10,28,1,124
6a3d6535,9896c7f5-d,6,380.07,10,342.06,4,2024-04-19,2024,4,19,0,72
11105ad4,c4ff4b90-7,3,438.61,30,307.03,4,2024-02-19,2024,2,19,1,122
c3d823f3,8e4e44c7-4,3,210.35,30,147.24,3,2024-01-21,2024,1,21,3,166
04638a95,84be9d60-f,2,184.6,20,147.68,2,2024-08-06,2024,8,6,5,143
2f09e4cc,8a364fb0-9,6,174.34,25,130.75,0,2024-03-06,2024,3,6,6,162
f062dd23,b1350489-6,4,255.72,5,242.93,2,2024-03-01,2024,3,1,0,84
e8b9a378,3b93ac9a-a,0,25.16,50,12.58,0,2024-04-19,2024,4,19,0,283
45fc0bf7,b401dc71-f,2,11.59,30,8.11,3,2024-06-06,2024,6,6,4,211
444ac86f,2838e610-5,0,446.06,15,379.15,3,2024-04-30,2024,4,30,5,95
6e9930aa,4d52f6d5-e,3,413.4,30,289.38,2,2024-06-20,2024,6,20,4,125
3ddc5a35,44b6fadd-b,5,468.35,15,398.1,4,2024-02-22,2024,2,22,4,74
92468cf9,0d489bb6-4,6,379.45,0,379.45,4,2024-10-21,2024,10,21,1,72
d1d182ee,e8dd4357-9,5,59.58,50,29.79,2,2024-08-31,2024,8,31,2,253
29d6e060,dfbc899b-5,1,16.47,5,15.65,2,2024-01-27,2024,1,27,2,142
87c73bfd,1967d8b1-1,0,166.1,5,157.79,4,2024-03-10,2024,3,10,3,122
5e4766ea,b6fdbf1b-e,6,108.79,10,97.91,2,2024-01-14,2024,1,14,3,126
080f21f4,a8f5b055-f,0,92.56,10,83.3,2,2024-05-08,2024,5,8,6,148
cb34921b,9107f836-5,6,94.31,15,80.16,4,2024-03-05,2024,3,5,5,148
1584b5d6,2cb12fa9-c,4,32.71,50,16.36,4,2024-03-10,2024,3,10,3,262
22898985,8a9bc667-9,1,324.65,25,243.49,0,2024-03-28,2024,3,28,4,144
bc2ca5e1,d8db72ab-c,0,413.11,25,309.83,0,2024-10-05,2024,10,5,2,163
ed711917,fd6e84a7-8,0,449.76,15,382.3,3,2024-07-03,2024,7,3,6,93
e4fddc69,03f0b59e-9,6,340.1,10,306.09,0,2024-02-09,2024,2,9,0,79
3699f97e,22b092c6-3,6,437.3,0,437.3,2,2024-08-18,2024,8,18,3,34
3e5e2082,5d23414d-8,2,21.26,15,18.07,3,2024-11-14,2024,11,14,4,192
a9e2c4f5,f2a33f8e-a,4,123.34,30,86.34,2,2024-09-15,2024,9,15,3,181
30bffc4c,cde041c3-2,3,181.26,50,90.63,0,2024-09-05,2024,9,5,4,229
6574073f,0708c5d4-9,4,16.56,25,12.42,1,2024-04-05,2024,4,5,0,188
f676f386,a1384978-7,0,381.94,15,324.65,1,2024-01-22,2024,1,22,1,105
2a770607,ef8797ac-e,5,193.51,20,154.81,1,2024-03-16,2024,3,16,2,136
134aa3c5,631f0593-2,1,247.08,20,197.66,2,2024-03-04,2024,3,4,1,137
50d575f9,d34a223b-d,4,64.68,15,54.98,4,2024-02-12,2024,2,12,1,152
d1616d3c,a302d39c-0,4,202.49,25,151.87,3,2024-08-06,2024,8,6,5,156
6f4d3f42,d9bd76af-a,1,323.03,10,290.73,4,2024-11-18,2024,11,18,1,129
dcde3dc0,d1e1c77b-2,0,437.1,20,349.68,3,2024-11-14,2024,11,14,4,142
87c0607b,e58d1c94-c,2,474.3,10,426.87,3,2024-07-12,2024,7,12,0,54
e04ffe82,5156c3fe-8,4,47.44,10,42.7,3,2024-02-29,2024,2,29,4,138
81b461c6,c4ade7bf-2,0,126.15,50,63.08,0,2024-08-08,2024,8,8,4,261
e4259534,7c202cc0-d,4,496.03,15,421.63,3,2024-08-31,2024,8,31,2,63
ef496fef,944a7fdb-1,0,339.83,25,254.87,4,2024-11-03,2024,11,3,3,178
fe89cb74,4f3b47d6-3,3,69.19,15,58.81,2,2024-07-15,2024,7,15,1,146
72996eda,26f8ec46-a,1,228.68,5,217.25,3,2024-01-22,2024,1,22,1,100
2d07ff15,1ec3ccd5-c,4,498.59,30,349.01,0,2024-10-20,2024,10,20,3,135
449367d1,8389d3d3-e,1,452.41,30,316.69,1,2024-10-10,2024,10,10,4,155
c34329e8,9b35f85f-6,1,493.43,20,394.74,0,2024-09-02,2024,9,2,1,89
7002fcea,1dc049c6-4,4,90.06,10,81.05,3,2024-06-19,2024,6,19,6,126
3949fcb4,6e95f22a-3,1,84.47,5,80.25,0,2024-07-26,2024,7,26,0,133
d76e19c6,b28687a6-1,2,473.74,15,402.68,1,2024-04-05,2024,4,5,0,75
7aac4193,e7497b51-f,2,328.65,0,328.65,4,2024-02-10,2024,2,10,2,59
c79b50d1,de8507e5-f,2,416.42,50,208.21,2,2024-04-26,2024,4,26,0,189
9e8a1ef9,491c3a0b-4,0,359.09,15,305.23,3,2024-07-21,2024,7,21,3,113
4715f106,b9d88d0b-9,6,388.74,15,330.43,3,2024-02-21,2024,2,21,6,82
32a490f4,40b12e81-a,4,147.84,20,118.27,1,2024-11-18,2024,11,18,1,175
b247da3d,0cae8a46-9,5,255.19,0,255.19,2,2024-07-15,2024,7,15,1,68
438674fe,f3b35580-6,1,64.99,15,55.24,2,2024-04-05,2024,4,5,0,160
384b7acb,070064b0-9,4,49.6,20,39.68,0,2024-01-09,2024,1,9,5,168
77e477c0,83c49cc6-0,4,118.69,0,118.69,4,2024-05-17,2024,5,17,0,101
f1ae0592,71620d1d-6,1,406.69,0,406.69,1,2024-02-08,2024,2,8,4,48
21bf6170,3e051cec-b,0,438.95,20,351.16,4,2024-05-25,2024,5,25,2,117
45a1a4c3,a2ba75ee-2,5,342.35,10,308.12,4,2024-05-10,2024,5,10,0,82
b4d63e07,281cdac1-c,4,292.38,30,204.67,1,2024-07-07,2024,7,7,3,154
dd8e5c2a,ecadc556-c,5,183.4,5,174.23,0,2024-02-20,2024,2,20,5,102
80c9de66,291f5620-7,3,80.88,10,72.79,1,2024-10-01,2024,10,1,5,162
74903035,e385f060-8,2,76.16,25,57.12,0,2024-03-20,2024,3,20,6,182
047526b7,f6927a38-3,1,357.6,20,286.08,1,2024-11-19,2024,11,19,5,146
b611a9a9,2fe3a9c8-9,0,169.83,50,84.92,1,2024-03-11,2024,3,11,1,260
8d680e8e,7172d13e-a,2,337.11,50,168.56,2,2024-03-07,2024,3,7,4,198
5473dd0f,9c368955-b,2,50.79,25,38.09,0,2024-02-21,2024,2,21,6,181
2c522119,034a06a9-0,4,426.03,15,362.13,3,2024-10-01,2024,10,1,5,114
905dca0a,b874e454-b,3,128.82,15,109.5,3,2024-10-07,2024,10,7,1,164
b005ff45,c6c96044-f,6,42.72,25,32.04,0,2024-02-13,2024,2,13,5,186
c93c18ba,02ffd99a-8,3,280.75,0,280.75,4,2024-01-02,2024,1,2,5,63
71323adf,e3cd92bf-2,2,486.2,30,340.34,3,2024-05-03,2024,5,3,0,107
4199c751,d70c88d3-b,3,54.39,25,40.79,1,2024-05-05,2024,5,5,3,189
4e3ab5bd,b3b13670-2,1,147.43,15,125.32,3,2024-03-26,2024,3,26,5,142
53cc320d,65eef64c-a,3,452.02,10,406.82,1,2024-06-11,2024,6,11,5,58
2c837e21,dc38ea60-a,6,219.2,30,153.44,3,2024-06-04,2024,6,4,5,163
5b28ef12,eb5d566f-d,0,34.79,20,27.83,2,2024-03-04,2024,3,4,1,197
d04a109b,a5917af7-9,3,326.32,15,277.37,3,2024-01-31,2024,1,31,6,96
6579b70c,4b2386b5-4,5,83.5,20,66.8,1,2024-01-03,2024,1,3,6,167
cf41f109,3836d72c-2,6,46.78,15,39.76,0,2024-11-05,2024,11,5,5,182
e9390573,4e29f18f-e,2,468.53,25,351.4,2,2024-11-08,2024,11,8,0,130
0a3b0205,578ea21f-a,3,11.6,0,11.6,3,2024-03-26,2024,3,26,5,116
d6ee8e2b,bdd98eb8-b,6,133.72,25,100.29,2,2024-05-09,2024,5,9,4,166
5a055948,0577be70-a,1,275.25,20,220.2,0,2024-07-08,2024,7,8,1,129
8e2aee0a,4a7a7141-e,0,45.01,10,40.51,0,2024-08-14,2024,8,14,6,159
fe8b4c60,b923e620-8,4,171.02,5,162.47,1,2024-04-11,2024,4,11,4,104
190628ce,b8e04d3f-a,1,264.77,10,238.29,1,2024-03-05,2024,3,5,5,106
89cb8bb3,e11763da-d,2,162.98,5,154.83,3,2024-02-21,2024,2,21,6,100
c18f7689,f7f82ed1-6,3,290.44,5,275.92,4,2024-05-30,2024,5,30,4,76
5f6aef16,4e87d04b-b,6,203.83,10,183.45,3,2024-10-26,2024,10,26,2,143
f43f409f,17552dd5-c,3,53.34,15,45.34,0,2024-03-29,2024,3,29,0,152
437194ae,3ebc5b49-9,5,49.46,0,49.46,0,2024-05-29,2024,5,29,6,111
084b0e23,2ada5e55-e,0,95.18,25,71.39,2,2024-06-03,2024,6,3,1,196
23b9515e,d9968549-7,4,112.53,30,78.77,3,2024-08-09,2024,8,9,0,183
7b568388,ab2d6785-a,5,264.46,20,211.57,2,2024-03-19,2024,3,19,5,124
4f12428e,26c5d2ac-8,6,100.59,20,80.47,4,2024-10-06,2024,10,6,3,184
4d48ec1e,e01767b6-4,1,183.51,15,155.98,4,2024-07-18,2024,7,18,4,140
511a8887,9bea96c0-1,1,473.92,15,402.83,0,2024-04-25,2024,4,25,4,83
9a0fd409,1cbdb12d-1,0,317.02,0,317.02,1,2024-02-22,2024,2,22,4,74
be546b16,02e20c5f-d,4,24.5,15,20.82,4,2024-01-18,2024,1,18,4,160
638fb96b,76f01383-b,4,228.39,20,182.71,1,2024-04-26,2024,4,26,0,137
9a28b00f,b8a69db7-f,5,258.26,20,206.61,2,2024-09-29,2024,9,29,3,128
47f9d151,9f830a6f-0,4,116.68,50,58.34,4,2024-05-20,2024,5,20,1,249
c6e6b5cd,dba7748e-e,5,221.56,50,110.78,1,2024-09-03,2024,9,3,5,223
8350077d,5b190265-c,6,387.94,5,368.54,0,2024-04-25,2024,4,25,4,59
ef040b5e,341ff061-4,2,375.03,25,281.27,2,2024-03-21,2024,3,21,4,122
d13afa90,ce680de9-9,6,339.89,10,305.9,4,2024-10-22,2024,10,22,5,110
f2a41f18,aacc0242-4,3,260.45,25,195.34,4,2024-08-04,2024,8,4,3,141
c7022532,cc07fdea-5,2,419.52,25,314.64,0,2024-04-07,2024,4,7,3,113
885b4e30,c355955a-7,5,61.67,15,52.42,3,2024-02-04,2024,2,4,3,156
22814487,dcf51353-b,2,408.9,30,286.23,2,2024-02-25,2024,2,25,3,128
cd59e65c,e3574b61-1,5,42.01,5,39.91,1,2024-06-17,2024,6,17,1,127
fbba70e8,e716e837-9,4,149.93,30,104.95,1,2024-03-01,2024,3,1,0,177
859f5163,ecbfbc26-8,3,351.98,50,175.99,2,2024-01-14,2024,1,14,3,200
32b7d579,867a9827-9,1,177.4,25,133.05,2,2024-01-29,2024,1,29,1,171
f54c8b25,1213d45d-3,2,407.94,0,407.94,1,2024-04-30,2024,4,30,5,42
4ad92ea0,771902a5-0,3,228.99,5,217.54,3,2024-03-10,2024,3,10,3,89
ce70660d,b940457b-9,4,133.82,15,113.75,3,2024-11-09,2024,11,9,2,172
2b87059b,75488462-6,1,383.46,15,325.94,3,2024-10-28,2024,10,28,1,131
eb44303b,27ab5568-b,6,326.03,10,293.43,0,2024-07-06,2024,7,6,2,84
702daf11,42e7f495-0,4,258.67,25,194.0,2,2024-04-04,2024,4,4,4,146
c9247b05,9c18936b-6,2,450.07,15,382.56,0,2024-09-16,2024,9,16,1,72
c2897794,d14c5600-a,6,480.15,10,432.13,4,2024-04-21,2024,4,21,3,55
3abcdf53,487e8ab5-6,3,375.81,30,263.07,2,2024-08-06,2024,8,6,5,139
417cac60,71cdea9f-6,4,31.08,15,26.42,4,2024-07-23,2024,7,23,5,156
a33d7b0d,48cdb5fa-a,2,221.02,15,187.87,2,2024-08-20,2024,8,20,5,116
c4c69b17,6c2539a3-1,3,288.22,0,288.22,2,2024-11-06,2024,11,6,6,96
8a289896,c1f10b74-0,2,349.42,30,244.59,1,2024-10-03,2024,10,3,4,175
08a65189,d646b6b4-e,4,420.6,25,315.45,1,2024-11-05,2024,11,5,5,143
14aa33f8,70ef0ef5-1,4,164.51,10,148.06,2,2024-08-08,2024,8,8,4,116
e5964ecd,7c549c30-a,4,286.5,10,257.85,2,2024-04-03,2024,4,3,6,90
7c9639e5,a2a1bf06-6,3,249.64,10,224.68,4,2024-10-16,2024,10,16,6,126
79b3668d,27b08b7e-0,4,268.41,20,214.73,0,2024-07-28,2024,7,28,3,121
602ca4e7,5e3a3479-c,0,491.98,5,467.38,0,2024-01-16,2024,1,16,5,61
e0253d12,c84645bd-f,3,112.67,50,56.34,2,2024-11-19,2024,11,19,5,278
7d177a8a,20d69811-6,3,439.73,10,395.76,2,2024-01-26,2024,1,26,0,62
8ed54a67,5919dbdc-5,6,13.73,5,13.04,2,2024-10-19,2024,10,19,2,158
d97962d1,65c809c9-2,6,221.29,20,177.03,3,2024-07-23,2024,7,23,5,137
87d45064,a586b34e-9,4,226.85,30,158.79,4,2024-02-05,2024,2,5,1,169
185a8f78,77b29710-2,3,146.09,0,146.09,1,2024-10-22,2024,10,22,5,118
af0b876c,186eb4e6-a,4,361.42,25,271.06,0,2024-09-29,2024,9,29,3,124
cfbb2cc2,22753e41-f,4,52.0,15,44.2,3,2024-01-22,2024,1,22,1,155
a71b8ee0,d4d94ba1-7,5,196.87,50,98.44,0,2024-04-18,2024,4,18,4,229
a718e1c4,b69f2c67-5,5,479.26,10,431.33,0,2024-04-10,2024,4,10,6,58
2b8be919,f08c4492-a,6,45.08,15,38.32,3,2024-09-26,2024,9,26,4,159
8e7b2d75,b4cdab2b-0,6,343.0,0,343.0,3,2024-07-12,2024,7,12,0,53
1d10d5a7,a0522f4e-1,6,114.7,10,103.23,3,2024-02-28,2024,2,28,6,130
27e8fb1c,0ab6838c-8,1,455.69,25,341.77,2,2024-07-20,2024,7,20,2,112
4ce70e71,bac20164-7,4,177.05,30,123.94,4,2024-08-25,2024,8,25,3,178
fb866ac4,77c8ac60-9,4,41.08,30,28.76,2,2024-09-16,2024,9,16,1,200
890e2821,64a0dfd5-3,0,22.37,5,21.25,0,2024-05-20,2024,5,20,1,146
1c33e307,741c8904-0,6,328.06,0,328.06,1,2024-03-13,2024,3,13,6,53
6773f774,6bb7c64c-e,4,105.58,30,73.91,1,2024-04-25,2024,4,25,4,185
b5a6fd5f,a7c4d22b-1,6,261.76,10,235.58,0,2024-05-02,2024,5,2,4,98
a44ab318,a59a21d3-b,2,198.5,30,138.95,4,2024-01-12,2024,1,12,0,174
1f9e6a6c,dcf6d509-4,1,402.1,50,201.05,3,2024-10-11,2024,10,11,0,228
ed1abea9,61746f09-7,5,178.61,0,178.61,2,2024-10-03,2024,10,3,4,116
b7c3b707,59f12f5e-a,4,286.85,5,272.51,0,2024-09-24,2024,9,24,5,72
7e1ddc54,2450986e-7,2,479.79,50,239.9,0,2024-05-18,2024,5,18,2,171
6720d951,1dc9eade-e,2,213.66,20,170.93,3,2024-04-08,2024,4,8,1,134
d71ca896,0bc9709c-1,0,51.2,10,46.08,4,2024-02-23,2024,2,23,0,162
e69f4d59,ca8f2b35-8,6,276.2,5,262.39,3,2024-04-11,2024,4,11,4,78
d5d1da0d,cd7e048b-a,4,15.48,20,12.38,4,2024-07-18,2024,7,18,4,179
0bfdb241,a845a942-7,1,278.71,50,139.35,3,2024-01-20,2024,1,20,2,227
cc2ae85d,e789010d-4,5,289.79,10,260.81,2,2024-07-30,2024,7,30,5,87
2f0e0bd3,ebcf582e-0,0,236.31,20,189.05,3,2024-03-31,2024,3,31,3,148
c5e1f66b,031a9f8f-f,5,95.58,25,71.69,1,2024-06-01,2024,6,1,2,174
2ae065a3,e9cc48b5-8,6,420.68,30,294.48,4,2024-06-20,2024,6,20,4,123
ad7a00fe,d32f6c6b-b,1,442.05,10,397.85,3,2024-10-24,2024,10,24,4,105
de0683d6,bacaf816-0,3,402.29,20,321.83,3,2024-03-21,2024,3,21,4,102
19c7efc6,49b5a19c-b,5,393.54,15,334.51,0,2024-06-14,2024,6,14,0,87
ce0380de,ed543135-8,3,86.0,30,60.2,3,2024-08-10,2024,8,10,2,192
5c591a5c,d9211332-8,3,417.54,0,417.54,1,2024-10-11,2024,10,11,0,67
4e8a8ff2,d13be26d-7,5,273.42,0,273.42,1,2024-05-21,2024,5,21,5,60
d1ee12da,34a21b40-3,0,147.84,20,118.27,0,2024-08-05,2024,8,5,1,165
a6da9898,1b195936-7,0,365.95,10,329.36,1,2024-02-15,2024,2,15,4,98
fbf88af9,5b93f5af-8,0,430.43,50,215.22,2,2024-09-23,2024,9,23,1,199
e90aeb07,05a6d531-8,0,229.58,50,114.79,2,2024-05-17,2024,5,17,0,248
c427ea12,58fedada-b,6,83.42,20,66.74,1,2024-09-28,2024,9,28,2,168
21ee3aaf,97332847-9,0,456.22,5,433.41,0,2024-02-29,2024,2,29,4,66
4298c35a,4ab25679-d,3,219.64,5,208.66,0,2024-03-25,2024,3,25,1,92
57408fc1,d858e6de-f,1,312.88,50,156.44,2,2024-03-03,2024,3,3,3,217
bcbef8e7,9aaa064e-9,1,437.82,0,437.82,1,2024-07-25,2024,7,25,4,37
45ceb957,9f2ae6fd-8,6,171.3,50,85.65,3,2024-11-15,2024,11,15,0,260
51f581e6,610048f7-f,6,93.61,30,65.53,0,2024-07-29,2024,7,29,1,187
8ef78570,81e3d510-3,3,24.68,30,17.28,4,2024-07-06,2024,7,6,2,205
bedc0d23,6cab92db-2,3,217.03,20,173.62,2,2024-10-20,2024,10,20,3,166
ac5f51dd,ba7748c5-6,0,425.48,15,361.66,0,2024-05-19,2024,5,19,3,95
c33035c7,9ee0c0d9-7,3,357.95,50,178.97,0,2024-04-27,2024,4,27,2,193
0d575e3c,a1823938-6,4,271.43,50,135.72,2,2024-04-29,2024,4,29,1,219
e65b50eb,3adf85d8-5,6,24.51,0,24.51,1,2024-01-30,2024,1,30,5,114
6ccc18f0,01c1488d-2,2,430.38,0,430.38,4,2024-07-24,2024,7,24,6,32
ba80beba,a7ef7bf6-f,1,399.53,0,399.53,4,2024-01-11,2024,1,11,4,46
32fbc798,17ed3053-e,5,491.37,20,393.1,2,2024-01-25,2024,1,25,4,81
45177a4d,7031b4e9-f,4,182.47,10,164.22,0,2024-05-11,2024,5,11,2,116
e9fc3b5d,9b92d58e-1,2,352.7,10,317.43,4,2024-10-16,2024,10,16,6,105
7fd4a6ba,54ef296a-5,3,252.82,5,240.18,2,2024-04-06,2024,4,6,2,88
af1453cd,c92d975b-0,3,478.35,10,430.52,2,2024-02-19,2024,2,19,1,50
cf22fe3d,7cdb7bcc-6,0,389.25,15,330.86,3,2024-08-20,2024,8,20,5,104
1342567a,c6c4e17f-9,5,233.66,20,186.93,0,2024-03-05,2024,3,5,5,134
2803642c,47dcb49b-5,5,155.04,20,124.03,0,2024-08-13,2024,8,13,5,148
05c5eef6,274934eb-1,0,340.4,10,306.36,1,2024-03-19,2024,3,19,5,103
20797b76,2a8fff8b-4,2,495.02,0,495.02,2,2024-04-30,2024,4,30,5,22
3be3ec37,cfa52f4b-b,3,398.65,30,279.05,3,2024-07-21,2024,7,21,3,130
83e7aeff,a3ea187a-6,1,404.26,0,404.26,4,2024-02-23,2024,2,23,0,54
7cfa271c,c0cfe18f-a,6,47.54,10,42.79,1,2024-03-28,2024,3,28,4,144
a81bc91d,55cd19bf-d,6,152.57,0,152.57,4,2024-10-22,2024,10,22,5,116
d61eceec,dcf55c7d-e,2,399.49,50,199.75,2,2024-02-05,2024,2,5,1,187
c1eba76b,a195e087-1,5,168.52,30,117.96,4,2024-05-20,2024,5,20,1,171
3e3ea054,6556f3ed-5,0,474.27,5,450.56,0,2024-06-15,2024,6,15,2,61
ccc156ec,ab459f59-9,6,11.62,25,8.71,4,2024-09-08,2024,9,8,3,191
c51dd6f8,44d13aee-8,5,433.2,15,368.22,1,2024-03-19,2024,3,19,5,76
cc7c3a16,f9a08cdc-9,5,243.15,25,182.36,2,2024-07-01,2024,7,1,1,150
e5a8c4fa,bdff5ceb-a,2,338.68,10,304.81,1,2024-10-15,2024,10,15,5,110
edf95866,9a0f9442-0,2,256.93,20,205.54,1,2024-01-12,2024,1,12,0,126
79f46476,f3090044-0,6,153.36,0,153.36,1,2024-01-06,2024,1,6,2,89
f574b742,32f52e77-3,6,280.19,0,280.19,2,2024-06-08,2024,6,8,2,65
4ceafc78,6a30e7e6-c,2,335.27,5,318.51,1,2024-04-10,2024,4,10,6,69
391837b0,af326e04-8,5,464.98,10,418.48,2,2024-07-01,2024,7,1,1,56
6f8d54a0,30402e41-6,5,454.39,15,386.23,1,2024-07-10,2024,7,10,6,74
e6ef2c9f,b05c6dba-1,3,145.86,50,72.93,4,2024-07-16,2024,7,16,5,238
10c04728,d0a3f85b-f,5,195.95,25,146.96,0,2024-02-04,2024,2,4,3,160
a187e667,94fc7678-1,4,206.99,20,165.59,2,2024-06-18,2024,6,18,5,141
d318e21f,d85e0838-d,6,108.04,25,81.03,4,2024-07-29,2024,7,29,1,175
b0d2c85d,a3749bf9-4,2,231.39,20,185.11,0,2024-08-26,2024,8,26,1,137
9cba4ba8,f609d1c0-8,4,356.81,15,303.29,4,2024-02-03,2024,2,3,2,97
8e5d22f7,cf8a6a42-e,0,316.3,15,268.86,3,2024-10-04,2024,10,4,0,146
2d70ea63,8760cdc9-2,0,77.96,15,66.27,0,2024-11-17,2024,11,17,3,195
78bab0ba,7c30618d-5,3,215.45,20,172.36,1,2024-01-05,2024,1,5,0,139
a80a973c,8cb10081-9,1,499.36,20,399.49,2,2024-08-27,2024,8,27,5,92
4082e1e2,07d3c705-b,5,50.14,25,37.61,1,2024-08-30,2024,8,30,0,181
bcce1ab1,c69340de-d,1,425.24,10,382.72,4,2024-01-18,2024,1,18,4,76
ced2cd43,0af60377-c,3,410.76,15,349.15,0,2024-08-31,2024,8,31,2,77
64c3131e,2ef11c9e-6,4,149.52,30,104.66,3,2024-10-28,2024,10,28,1,214
a5466420,f95ba60a-d,0,147.82,20,118.26,2,2024-03-01,2024,3,1,0,168
6c6bc323,ffa4a462-b,0,418.98,15,356.13,1,2024-02-16,2024,2,16,0,98
bf139e58,059c565d-1,4,55.86,25,41.89,0,2024-06-07,2024,6,7,0,183
7538d8e4,2f9790c2-a,3,33.8,50,16.9,3,2024-07-20,2024,7,20,2,264
78bc03e4,43eb2577-2,3,29.79,15,25.32,2,2024-01-11,2024,1,11,4,157
367bd243,d63a71e5-9,0,344.67,15,292.97,1,2024-02-15,2024,2,15,4,117
85fce914,71ed5cb0-b,1,109.4,25,82.05,2,2024-08-21,2024,8,21,6,186
1a25ef8b,6f74258e-5,4,444.09,50,222.04,1,2024-06-15,2024,6,15,2,186
74d4448b,721e95fc-7,5,383.4,50,191.7,3,2024-04-13,2024,4,13,2,189
4ff0d6a8,7058ce9f-c,2,328.07,30,229.65,3,2024-10-17,2024,10,17,4,179
2d642d1e,3db1bbd1-b,5,450.51,50,225.25,1,2024-10-11,2024,10,11,0,206
c38f4fcf,e652729a-6,3,350.51,50,175.25,4,2024-10-27,2024,10,27,3,228
31207659,7e42ee68-3,0,402.82,0,402.82,2,2024-02-12,2024,2,12,1,56
175607aa,a96d8b06-5,3,12.81,30,8.97,4,2024-09-29,2024,9,29,3,212
172f1fe0,241c5b49-7,2,186.27,0,186.27,3,2024-01-29,2024,1,29,1,84
ff612d9d,fe823e51-e,6,34.93,30,24.45,0,2024-01-22,2024,1,22,1,207
0b44393a,b75e39cc-4,1,187.12,0,187.12,0,2024-02-10,2024,2,10,2,94
16cf536e,eb8bcfba-b,1,301.12,0,301.12,0,2024-07-22,2024,7,22,1,71
5fbd3fd3,fd204ae7-3,2,149.98,0,149.98,2,2024-08-20,2024,8,20,5,93
6b8e78c6,3596eb92-f,2,475.44,15,404.12,0,2024-01-27,2024,1,27,2,67
b17be372,fc12336b-4,1,20.86,5,19.82,2,2024-03-18,2024,3,18,1,139
1c5a1b59,cf38c5f3-3,6,499.0,50,249.5,3,2024-03-12,2024,3,12,5,169
6cf8be42,d8179c70-9,1,46.41,0,46.41,1,2024-06-13,2024,6,13,4,122
8ab3d142,fb8bb5e4-d,0,35.47,25,26.6,0,2024-03-13,2024,3,13,6,208
a316376d,9a9926b5-e,2,164.44,50,82.22,2,2024-06-22,2024,6,22,2,240
3772bd8a,99e30a62-2,4,164.41,20,131.53,3,2024-03-02,2024,3,2,2,149
aa9878a5,4b2d81b8-b,0,213.47,20,170.78,1,2024-05-21,2024,5,21,5,153
af627d91,6f3fb246-f,0,320.31,15,272.26,3,2024-10-25,2024,10,25,0,154
3522f888,cdd4f661-4,4,319.86,15,271.88,1,2024-06-27,2024,6,27,4,99
19dd37b0,5fa64fe3-8,5,41.53,0,41.53,4,2024-10-21,2024,10,21,1,141
15212d1e,6fd4ce69-0,4,205.9,30,144.13,1,2024-05-13,2024,5,13,1,164
48b15e02,2808821f-d,4,67.85,15,57.67,1,2024-02-24,2024,2,24,2,152
1d750630,024bf585-e,6,433.77,15,368.7,3,2024-03-23,2024,3,23,2,75
894dcab4,07cfc2fd-6,2,496.95,25,372.71,2,2024-03-01,2024,3,1,0,92
b4a3b6c6,5e246611-e,2,308.25,50,154.12,2,2024-07-23,2024,7,23,5,213
0142a38f,efbe8e1f-1,1,280.8,15,238.68,2,2024-05-15,2024,5,15,6,114
dc69c849,f721848c-d,3,130.53,15,110.95,4,2024-07-16,2024,7,16,5,143
e57349d9,3da581fa-d,1,299.12,15,254.25,3,2024-10-24,2024,10,24,4,147
937e8781,88283ffc-e,3,179.16,30,125.41,2,2024-05-19,2024,5,19,3,174
74f2811d,ab632513-b,0,237.25,25,177.94,1,2024-06-10,2024,6,10,1,162
053df1ac,090c6a64-2,6,449.87,5,427.38,2,2024-08-07,2024,8,7,6,40
1e9fc577,43944f95-7,1,138.04,0,138.04,2,2024-06-08,2024,6,8,2,103
9536cbf4,a9a972ea-a,2,456.4,30,319.48,1,2024-11-16,2024,11,16,2,150
05e6557c,128bb94a-4,1,487.06,0,487.06,3,2024-08-17,2024,8,17,2,31
ce5bc729,5f29a00a-f,3,409.01,25,306.76,4,2024-01-15,2024,1,15,1,118
00b7ec0b,327dab47-c,4,97.09,10,87.38,2,2024-06-09,2024,6,9,3,129
f85f1b34,0e96bba7-f,4,252.08,10,226.87,3,2024-01-30,2024,1,30,5,97
369f273e,d3cd79a0-d,6,248.11,30,173.68,3,2024-04-22,2024,4,22,1,160
05c75f8e,87b3f6e5-6,3,254.93,30,178.45,4,2024-01-28,2024,1,28,3,159
0bca6ec2,26fcfebc-9,0,351.79,30,246.25,3,2024-06-02,2024,6,2,3,156
ab869893,7dfb697f-1,6,160.3,5,152.28,4,2024-08-23,2024,8,23,0,105
bb2f1a1e,1e8f5c9f-0,2,319.97,15,271.97,1,2024-04-17,2024,4,17,6,106
049740b6,2ef97479-4,5,95.15,5,90.39,4,2024-07-31,2024,7,31,6,116
86861afb,b6bb1f4b-5,6,381.45,15,324.23,0,2024-03-21,2024,3,21,4,83
6ce1b4c8,e5379a31-b,4,203.24,30,142.27,3,2024-09-15,2024,9,15,3,170
9a4c4cd0,e3c44ef7-d,4,118.84,25,89.13,2,2024-01-01,2024,1,1,1,170
e724bac8,159dc764-b,0,374.41,10,336.97,3,2024-01-13,2024,1,13,2,94
acda7306,89a71662-4,3,57.79,30,40.45,1,2024-06-05,2024,6,5,6,194
406c736d,deb3c2ea-7,3,235.61,15,200.27,1,2024-09-17,2024,9,17,5,115
d057cfbd,e02c6641-8,6,162.91,5,154.76,1,2024-02-29,2024,2,29,4,102
133c8a19,b3a6731b-7,4,467.03,0,467.03,2,2024-02-25,2024,2,25,3,30
3f66002c,0444b3e7-e,1,468.31,30,327.82,2,2024-03-20,2024,3,20,6,131
d6a11b96,18cbc03a-2,3,90.62,5,86.09,2,2024-01-16,2024,1,16,5,117
6d15082c,85baf850-e,6,420.77,10,378.69,0,2024-08-08,2024,8,8,4,70
a9f98de1,9336c2d1-1,4,79.25,25,59.44,1,2024-07-22,2024,7,22,1,178
40abc61a,8f2b3ee0-e,5,76.89,15,65.36,2,2024-03-21,2024,3,21,4,152
7f143b66,88a957e9-b,1,63.54,0,63.54,0,2024-06-16,2024,6,16,3,114
9643cc38,41232e6b-0,5,465.65,50,232.82,2,2024-07-03,2024,7,3,6,171
706acfe1,2f4f7e97-3,4,487.28,10,438.55,1,2024-03-09,2024,3,9,2,50
b3733852,10f600e2-a,4,347.3,15,295.2,2,2024-01-24,2024,1,24,6,98
84cc22ee,95a41e50-2,3,151.14,10,136.03,4,2024-07-15,2024,7,15,1,117
7000b247,7b62b19c-f,2,273.0,0,273.0,1,2024-05-07,2024,5,7,5,61
50bd549d,8660e2d3-8,4,407.72,5,387.33,4,2024-09-09,2024,9,9,1,57
9e3a9089,1db41730-b,6,70.67,25,53.0,3,2024-06-11,2024,6,11,5,179
7ff3fdbe,5a6c83a3-a,2,483.9,15,411.31,4,2024-02-20,2024,2,20,5,65
40b01a0f,aaab8a7f-a,1,170.58,30,119.41,0,2024-05-01,2024,5,1,6,188
ed460c68,70f6b05e-c,4,254.57,50,127.28,4,2024-03-06,2024,3,6,6,217
d9345bed,6fe5c6ea-6,0,243.77,30,170.64,1,2024-06-21,2024,6,21,0,181
3567c84b,7db7d6ab-2,2,465.09,15,395.33,4,2024-06-14,2024,6,14,0,67
109dbd80,8132cfed-c,2,86.11,30,60.28,3,2024-02-21,2024,2,21,6,192
562cdfd2,dec191a8-2,3,458.09,10,412.28,3,2024-07-09,2024,7,9,5,55
6d18ec79,52a11028-5,6,147.92,5,140.52,1,2024-09-11,2024,9,11,6,108
8fe51ba5,5a2b7b42-2,6,230.4,5,218.88,4,2024-01-27,2024,1,27,2,93
37a64a6f,24c63a38-9,1,354.94,25,266.2,0,2024-09-07,2024,9,7,2,130
edf788be,f04a8aad-e,3,31.43,10,28.29,3,2024-11-12,2024,11,12,5,176
1dc9d0b0,9ff96c86-e,2,481.77,5,457.68,2,2024-01-26,2024,1,26,0,37
7fad2b34,da8e3eb2-c,5,230.27,0,230.27,4,2024-08-14,2024,8,14,6,75
6bb04308,5385184d-7,3,49.18,20,39.34,1,2024-01-30,2024,1,30,5,166
d9c0aa17,a8aaaab9-c,3,30.69,10,27.62,2,2024-01-01,2024,1,1,1,143
2a658d86,0b9b3d67-e,5,330.13,50,165.06,2,2024-08-09,2024,8,9,0,200
244380ac,2f2961d7-2,4,99.78,20,79.82,4,2024-09-03,2024,9,3,5,164
8e61c4d7,922396c9-5,3,299.27,5,284.31,2,2024-07-25,2024,7,25,4,74
e93602da,bff57146-b,2,215.27,10,193.74,0,2024-09-25,2024,9,25,6,108
6c7ff37f,83cdbe5b-d,6,246.81,5,234.47,1,2024-09-29,2024,9,29,3,89
eb4735e3,ccd15bd9-f,5,112.45,5,106.83,4,2024-11-12,2024,11,12,5,137
00390cf5,7aaef086-4,5,137.6,30,96.32,2,2024-07-10,2024,7,10,6,181
bae0de07,29802c45-f,2,72.87,10,65.58,1,2024-09-09,2024,9,9,1,132
85b74171,5f21f214-6,1,282.01,30,197.41,3,2024-09-21,2024,9,21,2,161
c1ffe1f3,5c4dbe08-e,0,264.02,30,184.81,1,2024-11-11,2024,11,11,1,203
14841db0,540fc545-b,2,438.82,50,219.41,4,2024-10-11,2024,10,11,0,215
3495e6fe,d6af616f-e,5,287.83,30,201.48,2,2024-07-25,2024,7,25,4,149
9ad51b37,05fb83f5-5,3,148.73,10,133.86,0,2024-07-12,2024,7,12,0,116
7384392e,8ad678aa-5,1,311.38,15,264.67,2,2024-07-24,2024,7,24,6,116
a3b19153,611e47e6-7,3,458.77,10,412.89,4,2024-11-17,2024,11,17,3,93
c894b2e1,49bd4399-b,1,89.74,30,62.82,4,2024-01-11,2024,1,11,4,205
6f819f07,be08cab2-c,0,286.91,50,143.46,4,2024-09-01,2024,9,1,3,233
e2130e66,71163b94-9,5,413.43,5,392.76,2,2024-02-23,2024,2,23,0,52
63ba81b8,b671ec0c-a,6,49.61,10,44.65,3,2024-08-06,2024,8,6,5,135
82abf471,ac551181-6,1,474.78,30,332.35,4,2024-10-28,2024,10,28,1,154
e7eab712,96332841-4,6,176.59,20,141.27,0,2024-06-04,2024,6,4,5,149
6c67da1a,192148e8-d,2,185.03,30,129.52,1,2024-04-25,2024,4,25,4,177
bdddfd8f,5deea061-5,6,291.53,0,291.53,0,2024-06-04,2024,6,4,5,58
16ed50f6,253f8125-b,1,222.4,20,177.92,2,2024-11-13,2024,11,13,6,170
b9054add,61ce87ca-8,5,490.62,20,392.5,4,2024-06-09,2024,6,9,3,79
bc601032,48dde606-1,1,182.37,20,145.9,0,2024-06-13,2024,6,13,4,149
313c6da5,0f93e3db-f,3,149.07,25,111.8,1,2024-01-13,2024,1,13,2,161
515c7dbf,5c344a6e-b,3,222.07,10,199.86,1,2024-10-30,2024,10,30,6,132
77df82ca,250519ce-c,0,271.04,10,243.94,0,2024-09-15,2024,9,15,3,117
dd3554fc,f620d94d-8,6,222.78,15,189.36,0,2024-03-13,2024,3,13,6,122
5922b060,5a3adec7-d,5,70.53,15,59.95,1,2024-01-24,2024,1,24,6,151
28248fbd,a4a2fdda-e,1,456.08,30,319.26,1,2024-05-22,2024,5,22,6,128
dff5463c,8168dbcc-a,0,437.68,10,393.91,0,2024-09-18,2024,9,18,6,85
f12658a2,5ddc0052-e,2,67.34,5,63.97,1,2024-03-09,2024,3,9,2,119
133c23df,1676300b-1,6,233.53,25,175.15,2,2024-11-09,2024,11,9,2,173
eb962cf1,861acc2d-e,2,92.83,25,69.62,3,2024-05-16,2024,5,16,4,178
a506f7bf,d308f981-5,4,404.71,0,404.71,0,2024-02-07,2024,2,7,6,40
dca155eb,23b0c06e-4,4,477.05,50,238.53,3,2024-08-17,2024,8,17,2,175
3d77ab6d,b4a1e1c6-8,1,244.37,0,244.37,3,2024-10-25,2024,10,25,0,108
bd612ab6,e8e89970-a,6,102.86,30,72.0,4,2024-07-05,2024,7,5,0,187
baf84657,25d4249f-8,3,356.25,30,249.37,4,2024-07-19,2024,7,19,0,142
e608beb8,8249738d-4,1,108.51,25,81.38,0,2024-06-07,2024,6,7,0,186
1a9a7605,8ed95f0b-0,6,207.67,30,145.37,2,2024-06-12,2024,6,12,6,168
bf437b87,8b1f209a-9,5,74.87,50,37.44,0,2024-05-27,2024,5,27,1,254
f9b3c134,ed83742c-8,6,480.9,5,456.85,3,2024-06-29,2024,6,29,2,35
98e3cfed,fbc2def3-3,2,65.53,15,55.7,2,2024-01-30,2024,1,30,5,154
c094a6b0,db2c1f3e-1,2,40.21,10,36.19,2,2024-04-20,2024,4,20,2,140
c904130b,3c025691-9,4,303.09,10,272.78,0,2024-01-08,2024,1,8,1,88
bae27fb2,6a6da424-7,4,263.81,0,263.81,0,2024-04-28,2024,4,28,3,65
02ac79ab,61d4d31e-c,0,384.34,50,192.17,4,2024-10-18,2024,10,18,0,241
b46c76f9,456dd49c-a,4,197.02,25,147.77,3,2024-01-29,2024,1,29,1,150
86aa1cad,386ac42a-2,2,404.92,25,303.69,0,2024-07-27,2024,7,27,2,115
2a59f763,fe3e592a-f,4,171.06,5,162.51,3,2024-11-14,2024,11,14,4,133
c2a32605,d4f8bb14-c,1,434.67,5,412.94,0,2024-08-24,2024,8,24,2,55
be409e17,e504b46b-a,6,56.67,30,39.67,1,2024-09-16,2024,9,16,1,194
1b011b03,0163c4eb-b,3,125.2,0,125.2,0,2024-09-19,2024,9,19,4,91
fe0b3a08,e671d436-a,5,354.46,0,354.46,3,2024-06-12,2024,6,12,6,44
4012628e,f4a06faf-9,4,268.57,30,188.0,1,2024-06-01,2024,6,1,2,156
59d6802d,b489b2b3-b,6,450.73,50,225.37,0,2024-01-02,2024,1,2,5,184
e513db7b,e9c79473-d,5,360.74,5,342.7,4,2024-03-26,2024,3,26,5,67
c2dbb365,b1686020-0,5,368.83,10,331.95,2,2024-06-19,2024,6,19,6,77
9cc5fbec,2933f49f-c,5,195.94,10,176.35,0,2024-06-09,2024,6,9,3,115
933b28fe,6cff7e5b-7,1,214.73,50,107.36,4,2024-09-24,2024,9,24,5,242
b20c44f3,605dde07-5,1,249.63,10,224.67,3,2024-07-24,2024,7,24,6,106
d0756e35,ac3960d0-3,6,45.18,30,31.63,1,2024-10-20,2024,10,20,3,232
f79b5065,4c3fce3c-7,1,41.06,10,36.95,0,2024-10-17,2024,10,17,4,181
cf4ecbd8,c6297969-c,2,381.42,0,381.42,0,2024-01-02,2024,1,2,5,41
5c5fea0a,1a41a273-7,0,493.08,5,468.43,1,2024-08-22,2024,8,22,4,55
cf052449,3821c082-a,2,117.31,0,117.31,3,2024-10-18,2024,10,18,0,128
1c56848e,a0806601-f,5,253.73,10,228.36,3,2024-07-31,2024,7,31,6,96
679f822e,c71fd02b-3,3,334.97,30,234.48,2,2024-03-05,2024,3,5,5,140
170d8114,d8f7208e-9,1,58.66,15,49.86,2,2024-06-24,2024,6,24,1,168
1d800681,13a0fb92-0,3,79.22,0,79.22,0,2024-02-11,2024,2,11,3,102
36f1d6a4,348eebab-6,6,476.9,30,333.83,1,2024-07-12,2024,7,12,0,109
a29c7520,e845627c-e,4,268.4,10,241.56,1,2024-09-10,2024,9,10,5,99
27a4d0b6,eca4c411-a,1,103.52,10,93.17,4,2024-07-04,2024,7,4,4,141
aba9b6cd,2171a7a9-3,2,470.39,30,329.27,3,2024-03-27,2024,3,27,6,117
45990e99,081c867e-d,2,322.28,5,306.17,2,2024-06-22,2024,6,22,2,74
51b8659f,a2ca0417-c,1,268.31,25,201.23,0,2024-01-17,2024,1,17,6,151
d4aea824,0c8235e6-1,2,395.04,20,316.03,1,2024-02-20,2024,2,20,5,101
ac876e50,6d6f9b42-8,5,75.21,15,63.93,1,2024-07-28,2024,7,28,3,149
d9d623b5,bc16cccb-e,6,336.21,10,302.59,4,2024-06-04,2024,6,4,5,85
a3c23e44,b4fd3311-4,2,472.19,0,472.19,2,2024-03-10,2024,3,10,3,22
b9d3f539,3bf3112c-c,6,268.42,5,255.0,3,2024-01-26,2024,1,26,0,78
ea39eefb,41409b71-d,2,70.29,50,35.15,3,2024-03-29,2024,3,29,0,252
692bf856,75fb7c82-7,2,124.79,20,99.83,0,2024-03-23,2024,3,23,2,159
7bd56994,632f132c-2,3,358.47,50,179.24,4,2024-03-16,2024,3,16,2,195
fa092e4b,6782d91e-a,1,11.83,5,11.24,4,2024-04-13,2024,4,13,2,145
83fbff44,5eb79b27-e,3,361.89,0,361.89,4,2024-02-06,2024,2,6,5,45
7381e0d0,6ad98a9f-a,1,22.47,50,11.23,4,2024-06-27,2024,6,27,4,276
a670093e,cc6afc23-3,3,257.41,25,193.06,4,2024-08-04,2024,8,4,3,146
1e362183,72a2a739-6,3,447.66,30,313.36,2,2024-11-17,2024,11,17,3,155
8cef3e84,06f04616-9,5,107.75,25,80.81,3,2024-10-24,2024,10,24,4,204
83cbac12,4767f4f9-a,6,430.37,5,408.85,0,2024-01-24,2024,1,24,6,51
dce5dd34,d4b67c79-9,6,389.18,20,311.34,0,2024-10-29,2024,10,29,5,129
017b4433,11bc8942-0,6,14.0,5,13.3,2,2024-01-02,2024,1,2,5,130
e3949f2a,ae94fc57-6,6,83.76,15,71.2,2,2024-02-26,2024,2,26,1,150
87114b66,c746b898-a,6,461.12,50,230.56,1,2024-03-30,2024,3,30,2,177
dcefc553,492eb03f-1,0,477.27,5,453.41,1,2024-08-15,2024,8,15,4,58
2854d5ba,4c69c893-e,0,401.83,30,281.28,3,2024-10-25,2024,10,25,0,177
2f4b4df8,fbc99468-d,1,107.73,10,96.96,3,2024-03-24,2024,3,24,3,140
178fed2d,d0fde69e-d,0,353.55,15,300.52,2,2024-11-04,2024,11,4,1,139
5c010a41,b061f870-c,5,142.07,5,134.97,4,2024-09-22,2024,9,22,3,109
3baef1f8,195cfd98-7,4,224.1,25,168.07,0,2024-07-20,2024,7,20,2,145
ce962901,6eaf6197-0,6,142.54,30,99.78,2,2024-06-12,2024,6,12,6,183
7a030df0,282631c1-5,4,179.89,50,89.94,3,2024-05-23,2024,5,23,4,232
668d21ec,6802eae8-d,4,342.71,20,274.17,0,2024-05-30,2024,5,30,4,114
9ec32d45,3a69c3a0-d,1,489.86,30,342.9,0,2024-10-14,2024,10,14,1,157
b9ffab11,19db04e8-9,4,189.68,5,180.2,4,2024-02-05,2024,2,5,1,96
9b57819e,fa06d96a-a,4,95.16,10,85.64,4,2024-09-07,2024,9,7,2,127
d1fbf9ea,a121de58-6,4,177.35,20,141.88,1,2024-03-02,2024,3,2,2,147
d5498008,6714d9f5-0,0,223.91,30,156.74,2,2024-10-08,2024,10,8,5,220
1e77e045,6f933a3f-7,2,386.24,5,366.93,0,2024-11-15,2024,11,15,0,90
469d4f94,2a3c4165-1,5,150.85,10,135.76,1,2024-03-28,2024,3,28,4,117
e52c19c1,62618c9b-0,2,447.22,15,380.14,2,2024-09-16,2024,9,16,1,80
48a6965d,51ea777d-f,5,251.13,0,251.13,0,2024-10-09,2024,10,9,6,97
84cf2969,4308730e-9,5,405.16,25,303.87,2,2024-11-09,2024,11,9,2,145
b4ecbe57,136fbb48-c,0,471.46,15,400.74,2,2024-08-27,2024,8,27,5,86
1a7c338d,17a0e86a-6,0,10.58,5,10.05,1,2024-04-27,2024,4,27,2,155
fabf88c3,2245ba41-8,5,491.92,30,344.34,0,2024-07-20,2024,7,20,2,111
744533ab,656c4717-e,5,247.75,5,235.36,3,2024-07-11,2024,7,11,4,88
6206893b,2fa4644f-f,5,158.62,20,126.9,0,2024-08-30,2024,8,30,0,150
df836a74,803ed1ef-4,4,336.93,5,320.08,1,2024-06-03,2024,6,3,1,68
60df4c06,7cf4dc07-6,6,311.3,25,233.48,1,2024-02-02,2024,2,2,0,127
fda13bbd,68931536-a,6,280.73,5,266.69,1,2024-08-11,2024,8,11,3,75
04c82cbe,5e363698-2,0,436.53,0,436.53,3,2024-04-16,2024,4,16,5,57
46691b96,b5e7c030-b,6,366.94,20,293.55,0,2024-09-08,2024,9,8,3,102
6b4027e1,9c1c55f3-3,1,13.49,5,12.82,2,2024-08-07,2024,8,7,6,141
938ea3dc,0e574c91-5,3,182.15,20,145.72,0,2024-03-11,2024,3,11,1,142
e7b3665a,b81a2d01-e,2,140.83,10,126.75,3,2024-01-06,2024,1,6,2,120
5740a88b,a937b54d-f,1,159.05,30,111.34,1,2024-02-18,2024,2,18,3,186
07e93a67,66bc7e84-f,4,136.1,0,136.1,1,2024-01-04,2024,1,4,4,91
8b962cd8,5ed1a6ec-f,4,192.28,20,153.82,4,2024-09-06,2024,9,6,0,138
b8b790ba,b4223b18-c,3,437.53,15,371.9,2,2024-03-30,2024,3,30,2,72
d43d0f46,ba30a600-6,4,128.95,0,128.95,0,2024-09-03,2024,9,3,5,93
def9391b,00d20e0d-6,4,355.35,5,337.58,2,2024-03-20,2024,3,20,6,66
108549a1,3ef564dd-7,2,491.63,15,417.89,4,2024-02-14,2024,2,14,6,69
46b85373,fe6ad58f-0,1,137.13,5,130.27,0,2024-11-20,2024,11,20,6,145
aca166ff,aa78760a-b,3,457.41,25,343.06,3,2024-11-12,2024,11,12,5,130
e10e5ae0,1d053cf8-1,0,425.6,20,340.48,0,2024-05-11,2024,5,11,2,109
10dd7b6a,26a27ad3-4,4,204.49,50,102.25,2,2024-04-26,2024,4,26,0,225
b688c922,49502edc-e,2,471.03,0,471.03,1,2024-08-28,2024,8,28,6,27
4340e57f,7e6780ba-b,2,420.58,15,357.49,1,2024-01-29,2024,1,29,1,75
3cbdfed3,1517ace3-f,4,214.62,0,214.62,2,2024-09-16,2024,9,16,1,79
dcb8e001,b92d62e3-c,1,494.16,50,247.08,1,2024-02-09,2024,2,9,0,182
4b218561,ba598345-4,3,378.63,20,302.9,1,2024-03-01,2024,3,1,0,106
aabe4748,843b8f99-f,2,172.74,15,146.83,3,2024-05-19,2024,5,19,3,130
6ac4f758,46ddbf2a-0,6,17.08,30,11.96,2,2024-05-15,2024,5,15,6,209
51333644,0ded6d51-b,5,338.44,10,304.6,2,2024-09-09,2024,9,9,1,79
7ce34b86,b34abdfb-8,2,148.98,50,74.49,2,2024-05-22,2024,5,22,6,244
4b3462c8,3281432b-a,4,346.17,30,242.32,0,2024-01-30,2024,1,30,5,138
84c8da13,f6e1973d-d,5,135.91,5,129.11,1,2024-06-12,2024,6,12,6,107
4ab2d973,46d205d7-b,6,341.06,10,306.95,0,2024-04-08,2024,4,8,1,83
d20acbb2,5c0c794f-c,2,416.7,0,416.7,1,2024-04-18,2024,4,18,4,35
d22e24ba,51c2dc56-7,1,97.95,25,73.46,4,2024-05-25,2024,5,25,2,182
ad75dbc6,8a77898b-8,5,118.21,30,82.75,1,2024-02-07,2024,2,7,6,186
5e1614df,ad9581a4-0,1,255.92,10,230.33,2,2024-08-18,2024,8,18,3,106
91932784,1306885a-f,1,198.11,50,99.06,1,2024-07-22,2024,7,22,1,243
bbb99958,b1920f07-6,6,80.06,15,68.05,2,2024-10-17,2024,10,17,4,175
0a1152f5,9366eec8-b,5,108.02,20,86.42,1,2024-01-04,2024,1,4,4,156
33988d4a,8037dc93-a,6,158.49,15,134.72,3,2024-05-16,2024,5,16,4,134
e37ad791,1a0d08bb-d,3,316.9,20,253.52,3,2024-02-08,2024,2,8,4,117
0741d501,f7ebaec2-4,2,142.15,50,71.08,3,2024-10-28,2024,10,28,1,269
47985b63,0764f6d3-c,0,433.65,20,346.92,0,2024-11-09,2024,11,9,2,143
8c2d1a9b,a8d1277a-0,4,51.82,0,51.82,0,2024-04-07,2024,4,7,3,106
cea988f2,102b9ab9-f,4,287.77,10,258.99,0,2024-11-11,2024,11,11,1,122
8dcab187,0e9d8aba-c,2,263.46,30,184.42,2,2024-07-14,2024,7,14,3,153
f57cdfc5,a2137180-3,6,464.8,30,325.36,1,2024-04-18,2024,4,18,4,119
25f82afb,cda05d56-5,1,179.09,50,89.55,2,2024-03-05,2024,3,5,5,240
bfc7a09a,6ec7b270-1,0,56.34,10,50.71,1,2024-03-04,2024,3,4,1,163
dfb9395f,3d9280ac-8,5,293.68,25,220.26,1,2024-08-30,2024,8,30,0,137
c9e3855e,10f11f18-5,1,204.69,50,102.34,1,2024-08-15,2024,8,15,4,242
dd6f3a7f,d2c02693-7,0,85.67,30,59.97,2,2024-04-09,2024,4,9,5,207
6aefe8f1,73d0ed60-0,6,271.62,20,217.3,0,2024-04-08,2024,4,8,1,127
0a8206f2,e4da43fb-b,1,434.06,50,217.03,1,2024-09-27,2024,9,27,0,194
a23d00ad,dfae4cb5-7,6,403.69,5,383.51,2,2024-07-19,2024,7,19,0,54
5f80fc1b,dab77002-a,5,250.78,0,250.78,4,2024-02-12,2024,2,12,1,69
32a6d6c8,918372e9-e,2,472.01,10,424.81,0,2024-11-17,2024,11,17,3,85
fe3cdb6b,4baa2a93-c,6,411.25,10,370.12,1,2024-06-04,2024,6,4,5,70
32e20e76,f0bf4f4a-e,4,129.1,50,64.55,3,2024-07-30,2024,7,30,5,240
059a7bab,74b85d53-2,5,427.22,5,405.86,4,2024-08-22,2024,8,22,4,44
af09b01d,b9c5a1cd-8,0,200.58,5,190.55,1,2024-02-24,2024,2,24,2,114
0c24ecf3,55ad51a4-7,4,147.46,30,103.22,4,2024-03-18,2024,3,18,1,184
7b93fe5f,f209e50b-6,5,284.81,0,284.81,0,2024-07-11,2024,7,11,4,68
2c3e4736,bb22db47-5,2,32.57,15,27.68,2,2024-05-18,2024,5,18,2,160
7c18315f,0d17cc68-f,1,322.14,50,161.07,1,2024-09-11,2024,9,11,6,212
96795135,4ec3a5c5-c,1,187.36,5,177.99,3,2024-03-18,2024,3,18,1,111
42121dbe,c6aa7b68-4,5,479.31,0,479.31,2,2024-10-24,2024,10,24,4,49
1f28730f,d02581bb-6,4,138.58,15,117.79,1,2024-04-17,2024,4,17,6,140
409daa69,0063786d-0,3,354.92,0,354.92,2,2024-10-12,2024,10,12,2,74
08b2f5ea,8cd97b59-d,0,329.08,10,296.17,4,2024-09-07,2024,9,7,2,101
f5c89ec0,10f30747-e,4,399.27,0,399.27,3,2024-11-21,2024,11,21,4,72
f6e401ef,758e2e7f-1,6,366.82,5,348.48,4,2024-10-26,2024,10,26,2,88
ce00318c,749b802c-a,3,395.07,25,296.3,2,2024-05-22,2024,5,22,6,113
a6c95d7b,cb658966-e,1,427.4,20,341.92,4,2024-07-09,2024,7,9,5,106
2c0885e0,df9f33f5-1,1,433.97,20,347.18,4,2024-01-05,2024,1,5,0,98
276c64b5,178b783b-5,4,31.97,10,28.77,4,2024-05-17,2024,5,17,0,143
042f7bf4,2f18091d-4,0,430.19,20,344.15,0,2024-07-18,2024,7,18,4,108
4247e6a0,ed0cc782-d,2,231.04,10,207.94,3,2024-04-08,2024,4,8,1,98
ef2f2796,2ab6358d-4,2,41.27,5,39.21,3,2024-07-26,2024,7,26,0,128
da4f8e3e,24913f2e-2,4,313.34,30,219.34,0,2024-08-04,2024,8,4,3,152
1e93ade3,793b5123-c,5,460.68,5,437.65,4,2024-05-31,2024,5,31,0,40
46b8e9cc,835fac32-5,6,456.87,25,342.65,1,2024-07-19,2024,7,19,0,98
23c2d847,d63815b9-c,2,214.75,0,214.75,2,2024-06-19,2024,6,19,6,81
8febe2bc,afb954bb-f,5,386.52,5,367.19,2,2024-10-04,2024,10,4,0,88
b6c3219c,694fc02b-a,4,190.17,0,190.17,2,2024-04-04,2024,4,4,4,80
e54feec5,cef56506-5,4,327.17,30,229.02,4,2024-08-18,2024,8,18,3,143
0eab45b5,ef4f7c42-e,1,295.26,15,250.97,1,2024-10-15,2024,10,15,5,140
7a1fcf47,0b4dc863-c,2,106.96,10,96.26,2,2024-06-25,2024,6,25,5,132
09e59ae1,7ebc97fb-b,6,169.52,0,169.52,1,2024-02-16,2024,2,16,0,91
2097921f,918b5f9a-3,5,344.57,50,172.28,0,2024-07-12,2024,7,12,0,201
cc24c3da,c548cf2c-b,4,89.46,15,76.04,1,2024-10-26,2024,10,26,2,180
b07db0f3,df747575-7,0,472.59,5,448.96,2,2024-09-21,2024,9,21,2,63
127d2dcd,827e917d-5,6,89.3,30,62.51,0,2024-01-10,2024,1,10,6,194
07d9828a,8bb1e074-4,5,288.05,0,288.05,3,2024-06-21,2024,6,21,0,61
0195ea56,4678822d-d,2,176.69,25,132.52,3,2024-02-21,2024,2,21,6,154
70c9df00,521bae69-4,1,444.5,30,311.15,2,2024-07-13,2024,7,13,2,134
394508f2,102c84db-6,5,144.11,0,144.11,2,2024-07-17,2024,7,17,6,86
1dac4ff2,ebe13d4f-7,5,433.94,0,433.94,0,2024-07-01,2024,7,1,1,35
b005a380,ae024f47-f,2,160.88,25,120.66,1,2024-01-01,2024,1,1,1,161
635563e5,6bf29c21-b,5,434.47,0,434.47,0,2024-05-29,2024,5,29,6,30
d655a92b,44554ff5-b,4,230.16,50,115.08,4,2024-02-15,2024,2,15,4,228
188cb370,0bf21190-0,4,276.95,20,221.56,1,2024-04-15,2024,4,15,1,125
1d8925f0,0d81c583-f,4,394.59,0,394.59,0,2024-08-06,2024,8,6,5,42
d1481060,0b2ac28d-3,3,371.41,10,334.27,1,2024-10-17,2024,10,17,4,108
976b6ed4,151f3148-4,5,349.27,15,296.88,2,2024-07-04,2024,7,4,4,96
f6460f4c,43f85fc8-5,2,51.97,20,41.58,1,2024-10-24,2024,10,24,4,204
68344bf3,7d749d16-a,6,298.43,0,298.43,0,2024-08-23,2024,8,23,0,57
762d13eb,2bd88536-d,4,361.04,0,361.04,2,2024-04-01,2024,4,1,1,52
1aad44bb,6d385880-3,0,31.89,25,23.92,4,2024-04-03,2024,4,3,6,203
e372861d,d7dc3c83-7,0,393.9,50,196.95,1,2024-10-28,2024,10,28,1,243
e7346b49,2acb95e2-9,1,432.65,30,302.85,3,2024-05-23,2024,5,23,4,130
36fdc5a6,db768ef3-e,4,262.74,15,223.33,1,2024-05-19,2024,5,19,3,114
9ed4fdbc,c940cc52-a,3,34.02,20,27.22,4,2024-05-26,2024,5,26,3,175
a6cc16ab,72ce314e-c,3,101.83,25,76.37,0,2024-05-13,2024,5,13,1,173
10b6a453,8c735cf6-6,6,418.08,0,418.08,2,2024-08-29,2024,8,29,4,31
ec61371d,31068fbd-5,2,285.27,25,213.95,0,2024-04-21,2024,4,21,3,141
60dd4207,5abf64dc-f,5,233.63,30,163.54,1,2024-05-16,2024,5,16,4,164
60c95485,d65380b8-b,2,257.48,15,218.86,4,2024-03-30,2024,3,30,2,117
e7975539,ccdca36b-5,1,445.72,50,222.86,0,2024-10-26,2024,10,26,2,219
89bceeb7,2739d8a4-1,0,257.18,5,244.32,1,2024-07-11,2024,7,11,4,105
205a7efe,a537747a-b,3,278.99,15,237.14,1,2024-10-02,2024,10,2,6,142
ae6caf94,5f56f43c-3,0,252.94,30,177.06,3,2024-03-24,2024,3,24,3,184
46bfad22,080b71c4-4,5,50.37,10,45.33,1,2024-11-02,2024,11,2,2,170
76a2a7e9,1df2222c-7,3,106.14,0,106.14,2,2024-06-03,2024,6,3,1,99
51a1d498,6ee9e3f0-3,5,399.39,10,359.45,3,2024-11-10,2024,11,10,3,95
13ea1730,9ec84b7e-f,3,291.89,10,262.7,1,2024-02-26,2024,2,26,1,89
3a07a85f,7199581b-3,4,279.35,5,265.38,0,2024-04-15,2024,4,15,1,75
42e37951,5ac642e8-2,1,197.95,15,168.26,3,2024-09-27,2024,9,27,0,131
aee2eea3,0deb5462-0,4,463.22,5,440.06,0,2024-06-02,2024,6,2,3,38
08602a9c,359b2172-9,5,168.01,50,84.0,4,2024-08-21,2024,8,21,6,234
0fe10855,737eae8d-e,4,38.25,30,26.77,1,2024-10-17,2024,10,17,4,227
03e10273,006cd2ab-5,5,436.07,5,414.27,2,2024-05-01,2024,5,1,6,45
14033a78,1b9cd71e-b,0,44.39,0,44.39,4,2024-08-21,2024,8,21,6,127
e6d67df5,742b2734-0,3,237.6,5,225.72,0,2024-10-08,2024,10,8,5,116
5c5c3e7d,525a3c3a-f,3,214.63,25,160.97,3,2024-08-09,2024,8,9,0,149
5bac2533,35fbbd87-6,0,471.68,20,377.34,4,2024-02-08,2024,2,8,4,107
76a73fcb,4b6f292d-e,1,386.36,20,309.09,2,2024-09-17,2024,9,17,5,110
09c475c9,780f63d6-5,0,218.86,10,196.97,0,2024-03-24,2024,3,24,3,121
042ebd5a,880c9bdf-3,2,331.21,30,231.85,1,2024-04-02,2024,4,2,5,138
a9501881,32d01cbe-c,3,18.8,25,14.1,4,2024-07-18,2024,7,18,4,195
4566a916,3a0c22e7-4,3,215.01,50,107.5,3,2024-06-08,2024,6,8,2,223
f8c40b69,142c03ad-2,0,367.33,50,183.66,2,2024-03-27,2024,3,27,6,219
d7f9020a,55edee38-f,0,383.36,0,383.36,4,2024-03-04,2024,3,4,1,64
b86a1a14,6e863b90-e,5,146.46,5,139.14,0,2024-08-05,2024,8,5,1,101
4f4e3013,d1c954d1-9,6,249.34,20,199.47,1,2024-06-11,2024,6,11,5,133
5f51da20,27bea5fd-b,3,192.73,25,144.55,3,2024-03-08,2024,3,8,0,160
075fc126,ef3c93eb-7,2,117.42,20,93.94,0,2024-09-28,2024,9,28,2,152
7c055a85,34f7ba7d-c,6,199.48,15,169.56,3,2024-11-21,2024,11,21,4,152
3f6b72a8,476cb286-2,6,463.31,15,393.81,4,2024-04-30,2024,4,30,5,77
b1d7cceb,593f72e9-e,6,185.53,10,166.98,0,2024-11-17,2024,11,17,3,146
cfd46626,07f7a673-8,1,481.16,25,360.87,0,2024-05-20,2024,5,20,1,104
d6374469,cc64be0e-f,1,167.77,30,117.44,3,2024-04-12,2024,4,12,0,183
5f478ba7,4a8b4b0b-b,3,123.79,0,123.79,2,2024-01-09,2024,1,9,5,95
3e84f488,61e20ac1-7,1,331.56,50,165.78,0,2024-09-05,2024,9,5,4,216
79398983,904999a9-7,5,129.45,5,122.98,0,2024-08-18,2024,8,18,3,112
e23fb2d5,baea080a-9,3,347.27,25,260.45,1,2024-06-12,2024,6,12,6,126
0bd68fc8,6e3beafc-d,6,489.29,10,440.36,3,2024-01-19,2024,1,19,0,49
9077d76e,e5937e20-5,1,235.18,0,235.18,4,2024-01-28,2024,1,28,3,80
fafe9fea,5e1ac35c-a,1,477.68,30,334.38,4,2024-05-17,2024,5,17,0,124
3598a6ef,d11ab1dd-a,4,159.95,30,111.96,3,2024-04-28,2024,4,28,3,183
78674cde,7db532eb-7,6,112.55,25,84.41,0,2024-11-01,2024,11,1,0,201
d48477b3,8bd5e64f-d,4,56.87,10,51.18,1,2024-08-25,2024,8,25,3,134
33a45bd6,7ca7107b-7,3,142.61,10,128.35,0,2024-07-06,2024,7,6,2,121
2da6d115,addbc2a0-1,2,33.31,15,28.31,1,2024-04-26,2024,4,26,0,155
d9a17f42,4ede3d2b-a,0,177.17,25,132.88,1,2024-09-07,2024,9,7,2,181
4fd7dd5f,055a9bc5-a,4,382.64,30,267.85,1,2024-11-12,2024,11,12,5,159
2cd8b0cf,17ede104-6,2,104.37,20,83.5,0,2024-11-02,2024,11,2,2,184
03905f28,a262c069-4,4,329.03,25,246.77,3,2024-01-31,2024,1,31,6,132
d1268d51,905cb450-c,3,272.05,15,231.24,4,2024-10-01,2024,10,1,5,137
748316cb,e6ddc669-c,6,192.95,5,183.3,2,2024-08-20,2024,8,20,5,101
b4740a01,156f7e2b-9,4,128.74,50,64.37,0,2024-09-19,2024,9,19,4,239
f3ee36a5,9e533c02-7,3,361.85,25,271.39,4,2024-02-05,2024,2,5,1,123
b5518394,ab6bdbee-3,6,197.88,10,178.09,2,2024-04-21,2024,4,21,3,114
18e92cc0,72d77546-2,2,122.79,15,104.37,4,2024-01-25,2024,1,25,4,139
9e9f2f6e,437789ec-5,4,290.14,15,246.62,1,2024-04-13,2024,4,13,2,105
27299b68,583179d7-5,3,227.45,20,181.96,3,2024-05-19,2024,5,19,3,129
c9964d37,6c21e943-3,1,318.96,30,223.27,2,2024-02-15,2024,2,15,4,159
b1cbe03e,55b3a852-9,0,160.41,50,80.2,3,2024-08-24,2024,8,24,2,258
20a55aba,76fa1c92-2,2,428.15,25,321.11,1,2024-07-27,2024,7,27,2,111
3d66faf7,1fc03817-d,6,351.68,30,246.18,2,2024-05-08,2024,5,8,6,142
12ae16a2,70fce63e-6,6,245.25,20,196.2,4,2024-05-13,2024,5,13,1,130
84ee1b6b,7f734297-4,0,327.94,30,229.56,3,2024-02-29,2024,2,29,4,163
7b6ea10a,9a49cb15-7,0,53.15,0,53.15,2,2024-09-10,2024,9,10,5,129
c4367af6,f5040cdd-f,3,483.76,50,241.88,3,2024-05-05,2024,5,5,3,178
f6e5f5b6,e0cfa3c7-3,6,60.12,20,48.1,3,2024-09-01,2024,9,1,3,163
016c1e77,38d4979c-c,0,298.24,30,208.77,4,2024-07-02,2024,7,2,5,168
7d05e2f6,97113d45-4,4,51.92,0,51.92,2,2024-05-24,2024,5,24,0,106
73d0692f,52a56ac7-c,5,45.39,50,22.7,3,2024-10-16,2024,10,16,6,291
cacbbe34,f24afeb8-c,2,60.17,15,51.14,0,2024-09-29,2024,9,29,3,155
b98e327e,a21685d4-7,1,265.56,25,199.17,1,2024-04-23,2024,4,23,5,150
66daf218,ee6efec8-8,1,215.49,5,204.72,2,2024-11-13,2024,11,13,6,131
d3c564b9,27f233b7-a,5,168.21,0,168.21,0,2024-03-01,2024,3,1,0,90
38a1a724,b169d475-5,0,230.21,0,230.21,4,2024-08-21,2024,8,21,6,89
5a3d3299,9a743f52-0,0,448.57,20,358.86,1,2024-02-28,2024,2,28,6,107
8d7f8c49,14607706-8,5,96.31,5,91.49,2,2024-04-11,2024,4,11,4,112
43666819,b9334bd5-4,1,329.54,20,263.63,3,2024-11-16,2024,11,16,2,157
93db7ef7,077818f5-8,1,417.07,50,208.53,2,2024-01-14,2024,1,14,3,197
e8a5a7d6,19ebba70-8,1,264.45,5,251.23,2,2024-02-28,2024,2,28,6,94
fde47685,d6bcd01d-c,2,82.72,20,66.18,0,2024-07-14,2024,7,14,3,168
d259d921,28a99b08-3,2,265.25,0,265.25,4,2024-05-06,2024,5,6,1,70
b1ee9973,8d0c9e1c-c,4,464.26,30,324.98,0,2024-04-12,2024,4,12,0,122
cf1e2208,5dd81ddb-f,3,205.68,10,185.11,3,2024-01-26,2024,1,26,0,111
c88d310c,af7b0fdd-7,0,41.41,30,28.99,3,2024-06-01,2024,6,1,2,221
26a29655,572dd8d9-2,0,142.61,10,128.35,1,2024-03-31,2024,3,31,3,139
46b58d00,4e553a64-6,5,189.35,50,94.67,4,2024-11-12,2024,11,12,5,257
012f36dd,34469e0b-6,5,24.41,10,21.97,0,2024-06-29,2024,6,29,2,147
f2df6fa0,2e962d53-a,1,428.85,15,364.52,0,2024-10-23,2024,10,23,6,120
7b2c75fc,e1fcc349-b,0,297.35,30,208.15,2,2024-06-28,2024,6,28,0,166
d79e7736,bb922b32-8,1,53.13,25,39.85,0,2024-08-25,2024,8,25,3,196
2ad94b3d,056e009d-6,0,496.31,25,372.23,0,2024-02-18,2024,2,18,3,114
ef5bf3b6,333bfc25-0,4,313.5,10,282.15,3,2024-03-21,2024,3,21,4,88
15de560d,2e895596-b,5,166.78,20,133.42,0,2024-03-11,2024,3,11,1,144
7b940b3b,463221f1-b,1,80.69,0,80.69,0,2024-03-01,2024,3,1,0,112
16dc2dab,0f7f7a5b-4,4,205.66,20,164.53,2,2024-06-25,2024,6,25,5,140
03dcfbb3,f0250a8a-1,5,294.06,20,235.25,0,2024-01-30,2024,1,30,5,116
e47754a9,23c39afd-4,2,481.0,30,336.7,4,2024-07-09,2024,7,9,5,108
074c931e,53bca148-1,6,64.64,25,48.48,3,2024-08-26,2024,8,26,1,180
9ecfeca6,72d6c5f7-5,0,437.28,10,393.55,0,2024-01-16,2024,1,16,5,79
ae345248,03373a01-a,3,338.85,5,321.91,4,2024-04-29,2024,4,29,1,71
f6882c89,747def18-0,6,486.64,10,437.98,2,2024-10-01,2024,10,1,5,78
3502c114,ac440998-5,0,59.31,20,47.45,1,2024-10-15,2024,10,15,5,215
be689e12,6181fdf3-3,3,59.56,25,44.67,0,2024-04-12,2024,4,12,0,188
45a007f7,d7099b67-2,2,322.39,5,306.27,4,2024-04-21,2024,4,21,3,75
3cab368a,34053ecd-3,0,459.93,15,390.94,0,2024-03-06,2024,3,6,6,98
b7dc85d0,c5b994a5-5,3,265.71,25,199.28,3,2024-04-04,2024,4,4,4,136
909ddd04,478bc891-e,1,26.45,25,19.84,0,2024-07-29,2024,7,29,1,194
e8285de5,26e42f88-5,5,357.62,50,178.81,2,2024-04-05,2024,4,5,0,198
96f8bb90,e2da2cd0-0,6,282.33,10,254.1,4,2024-11-18,2024,11,18,1,122
a1a7c1e9,67e41f7f-3,1,396.56,50,198.28,0,2024-09-13,2024,9,13,0,202
148a6381,20f883e0-e,6,456.74,0,456.74,3,2024-06-07,2024,6,7,0,24
9b9e991f,55159488-d,3,281.5,20,225.2,3,2024-02-24,2024,2,24,2,121
a3be818d,4ca008f8-5,2,230.41,5,218.89,2,2024-06-15,2024,6,15,2,90
5bf80274,7ad050b2-d,5,479.45,20,383.56,0,2024-04-24,2024,4,24,6,84
13a9654a,1f5425bf-6,0,81.48,5,77.41,3,2024-05-01,2024,5,1,6,133
8b1beff4,7d2f6da6-1,4,229.63,15,195.19,1,2024-04-26,2024,4,26,0,117
05ddf6b9,d9dd7305-e,3,422.68,50,211.34,4,2024-06-11,2024,6,11,5,180
409bdf76,9e1cec60-9,5,50.88,15,43.25,4,2024-03-16,2024,3,16,2,150
2fb404f4,ec441d57-7,2,369.95,15,314.46,3,2024-01-22,2024,1,22,1,90
9514a796,ecc1678f-a,4,58.77,25,44.08,3,2024-01-13,2024,1,13,2,185
c79eeec5,1fe8c373-3,6,397.97,15,338.27,1,2024-02-25,2024,2,25,3,87
797b1952,02dbf50b-0,1,282.65,20,226.12,1,2024-06-29,2024,6,29,2,138
ce0d70d2,453cf006-6,2,48.25,10,43.43,4,2024-07-26,2024,7,26,0,137
62a96dcf,6ff77386-0,1,191.29,25,143.47,0,2024-02-28,2024,2,28,6,171
012757e3,a2a42e9d-b,2,309.01,20,247.21,1,2024-07-11,2024,7,11,4,116
90c225c7,01b89dba-d,1,93.6,10,84.24,0,2024-05-26,2024,5,26,3,145
7760f082,1354da2f-5,0,347.27,0,347.27,0,2024-11-04,2024,11,4,1,105
c8d6d2c6,f42e7272-8,1,170.9,15,145.27,0,2024-11-10,2024,11,10,3,170
d726fd8b,ceaa19e1-5,5,378.49,30,264.94,4,2024-04-15,2024,4,15,1,139
31cc9c2c,d18ab621-0,5,480.02,50,240.01,2,2024-10-07,2024,10,7,1,208
03b923e5,c0b25d1f-c,4,207.33,20,165.86,0,2024-08-10,2024,8,10,2,142
54514b05,ad81fe37-e,1,144.46,15,122.79,1,2024-09-16,2024,9,16,1,143
5c28156c,e76f4d92-1,5,171.96,20,137.57,0,2024-04-07,2024,4,7,3,141
22f0569f,f812b493-1,0,353.92,20,283.14,0,2024-03-29,2024,3,29,0,129
50e8f967,43c1b6b4-6,4,154.46,5,146.74,3,2024-07-28,2024,7,28,3,109
3cb0b368,8be0f5e6-0,2,142.25,15,120.91,4,2024-04-14,2024,4,14,3,135
d41c2ce4,0288af94-1,1,210.7,10,189.63,4,2024-07-08,2024,7,8,1,121
1744051f,73d60386-6,3,195.24,5,185.48,1,2024-09-03,2024,9,3,5,94
6a689dac,7bbb6c0f-c,4,407.25,10,366.53,0,2024-07-28,2024,7,28,3,72
388acc9a,72bc456d-d,5,42.18,30,29.53,2,2024-03-15,2024,3,15,0,200
00d5f96c,f715aa03-c,4,318.69,25,239.02,0,2024-03-21,2024,3,21,4,135
dd89f628,2d25d93b-6,1,115.36,5,109.59,4,2024-04-21,2024,4,21,3,120
1b863eb3,f4d910ca-8,1,119.38,10,107.44,4,2024-06-20,2024,6,20,4,133
dc708102,9fecbeb4-1,4,104.9,5,99.66,0,2024-09-27,2024,9,27,0,115
57db9bf5,0adf42d6-e,2,327.53,0,327.53,4,2024-02-19,2024,2,19,1,54
8199bac3,ff781f26-c,1,370.14,30,259.1,2,2024-10-11,2024,10,11,0,173
d23c9a23,406b9285-e,4,395.74,20,316.59,4,2024-02-01,2024,2,1,4,96
310c7ad6,244ed32c-a,1,124.53,30,87.17,3,2024-04-14,2024,4,14,3,198
0d1478d4,62004d3d-c,4,443.2,25,332.4,1,2024-06-12,2024,6,12,6,101
29603095,e6e89737-8,5,109.76,20,87.81,2,2024-03-20,2024,3,20,6,163
deb7df38,610b6881-1,3,32.18,50,16.09,0,2024-03-28,2024,3,28,4,261
56606aa9,f74a5439-c,0,106.65,30,74.66,4,2024-09-10,2024,9,10,5,203
18283fe9,633b2814-6,2,201.72,10,181.55,2,2024-06-17,2024,6,17,1,109
5a3a8a84,b8877827-a,5,45.3,5,43.03,1,2024-10-01,2024,10,1,5,153
ea6fd1f7,0fab213c-b,0,350.77,5,333.23,4,2024-10-13,2024,10,13,3,113
9fe458f7,043c6198-3,6,241.86,5,229.77,1,2024-11-21,2024,11,21,4,115
ffda47ed,74814259-a,3,187.93,20,150.34,1,2024-04-04,2024,4,4,4,145
280e0662,12c5bcdc-9,0,193.42,10,174.08,3,2024-07-07,2024,7,7,3,126
0a1247ac,23bbe375-4,4,440.43,5,418.41,4,2024-07-10,2024,7,10,6,42
f1345c3d,35daad88-b,5,411.73,5,391.14,1,2024-09-26,2024,9,26,4,52
cd40736d,ab4d89bc-5,0,369.78,10,332.8,4,2024-08-15,2024,8,15,4,95
5cfc1b16,e4101576-c,3,168.76,20,135.01,4,2024-09-24,2024,9,24,5,151
a2340b74,5e3d48d8-a,4,391.64,25,293.73,2,2024-11-18,2024,11,18,1,147
8939cf34,e7b0cef4-d,1,59.97,0,59.97,1,2024-03-29,2024,3,29,0,115
a70e28bf,23a7ef19-c,1,418.67,50,209.34,0,2024-03-23,2024,3,23,2,193
dcd66030,f8a2586c-3,4,245.49,20,196.39,4,2024-08-11,2024,8,11,3,134
91bbc996,46fbdba0-0,5,387.5,30,271.25,4,2024-07-11,2024,7,11,4,128
ed1329e5,8b31b952-b,4,52.6,0,52.6,1,2024-06-08,2024,6,8,2,106
78ba8e2a,127e6307-0,3,368.93,50,184.47,3,2024-11-07,2024,11,7,4,230
79a7f671,aa9b03db-e,6,141.33,0,141.33,1,2024-09-27,2024,9,27,0,86
00e52bfe,5461de47-f,4,359.08,10,323.17,1,2024-02-20,2024,2,20,5,77
35227ad8,077b1915-4,5,400.48,5,380.46,3,2024-02-17,2024,2,17,2,53
67b4bb5b,71acfa5b-1,1,494.06,10,444.65,1,2024-10-29,2024,10,29,5,96
be6086f7,8255795a-a,1,179.54,10,161.59,1,2024-10-05,2024,10,5,2,155
19d43000,ca5ffc90-b,0,39.49,0,39.49,4,2024-01-14,2024,1,14,3,130
a5b9d3d5,6ddaa573-1,4,214.98,10,193.48,1,2024-02-04,2024,2,4,3,104
4b1faad3,50dd3bf5-d,5,155.36,10,139.82,1,2024-06-27,2024,6,27,4,113
af4a1e47,6bdaf3da-3,0,195.38,15,166.07,0,2024-06-19,2024,6,19,6,147
023a0824,35f0a72f-a,2,392.7,25,294.52,4,2024-04-21,2024,4,21,3,113
f716d5ff,b360449a-b,5,403.71,50,201.85,4,2024-05-30,2024,5,30,4,185
7a4dacb1,d973b6bf-e,1,256.66,10,230.99,1,2024-07-01,2024,7,1,1,113
b4b2dce1,a6386230-6,0,323.13,30,226.19,0,2024-03-23,2024,3,23,2,163
4125319c,7443ec94-2,5,122.36,0,122.36,3,2024-06-05,2024,6,5,6,92
80f26166,e0af5ec8-9,1,386.53,10,347.88,4,2024-05-18,2024,5,18,2,77
0b18eb06,e71ea629-6,6,214.85,25,161.14,1,2024-03-12,2024,3,12,5,149
c3f8a8e7,31d6ea4b-9,4,242.71,50,121.36,4,2024-03-30,2024,3,30,2,217
604ceef7,4d8f3de2-c,3,456.79,15,388.27,1,2024-07-11,2024,7,11,4,75
d60f1a32,0c380286-a,3,251.69,50,125.84,0,2024-01-04,2024,1,4,4,219
27974553,64a99f5d-4,5,428.42,30,299.89,0,2024-04-16,2024,4,16,5,127
244e736c,f8c2cf0f-5,0,126.93,5,120.58,0,2024-09-13,2024,9,13,0,131
c9984620,7c754cd4-b,2,294.78,10,265.3,3,2024-05-22,2024,5,22,6,95
da7c3445,96c4910e-e,3,250.19,20,200.15,2,2024-04-14,2024,4,14,3,126
f027621a,ffc76feb-5,4,167.6,25,125.7,2,2024-07-24,2024,7,24,6,160
a771dc00,122ea7d5-4,3,166.34,5,158.02,1,2024-03-22,2024,3,22,0,102
d37b25da,74847d91-f,3,429.9,25,322.42,0,2024-08-06,2024,8,6,5,108
44855e31,b6b50ccf-6,2,229.85,5,218.36,1,2024-07-24,2024,7,24,6,91
d48d9f1f,cdf2289c-6,2,333.75,5,317.06,4,2024-02-27,2024,2,27,5,67
2157ff60,0bb3b1f8-b,1,265.32,20,212.26,1,2024-04-10,2024,4,10,6,131
4459da09,65d4a06c-3,0,238.8,10,214.92,2,2024-05-17,2024,5,17,0,121
e0960b4d,6cf8083d-5,5,33.67,20,26.94,3,2024-04-30,2024,4,30,5,171
17542880,93af15e1-0,0,336.04,20,268.83,3,2024-11-11,2024,11,11,1,162
5f9b4c27,81b33def-9,1,463.83,10,417.45,0,2024-08-19,2024,8,19,1,64
df5ea820,0774cbb9-7,6,44.04,15,37.43,3,2024-08-29,2024,8,29,4,161
4c81ef62,53da8163-6,0,180.46,15,153.39,3,2024-09-22,2024,9,22,3,147
91879a7c,d3ec1491-2,6,219.22,30,153.45,1,2024-01-26,2024,1,26,0,162
97f8db88,6b482634-f,0,17.62,30,12.33,1,2024-07-03,2024,7,3,6,231
7bd0348c,cce3b781-9,4,434.24,10,390.82,0,2024-02-25,2024,2,25,3,63
dc0b7ad8,ecfee708-c,0,362.88,25,272.16,3,2024-07-03,2024,7,3,6,142
903c2a1e,2e625d0a-e,0,150.84,15,128.21,4,2024-09-13,2024,9,13,0,153
971538a1,0cc21bc5-2,5,16.81,25,12.61,1,2024-11-05,2024,11,5,5,221
f6c5b1e3,53a5a769-f,5,415.93,30,291.15,1,2024-07-18,2024,7,18,4,131
5cb4b14a,69c701b5-e,2,11.62,15,9.88,2,2024-05-11,2024,5,11,2,163
5f4c9a63,a9a54bb0-7,2,379.55,15,322.62,1,2024-02-17,2024,2,17,2,88
da638daf,8eee2c96-a,5,36.7,30,25.69,3,2024-01-05,2024,1,5,0,197
d0efc96c,f36c3d78-2,5,187.71,10,168.94,0,2024-07-12,2024,7,12,0,114
49d60975,22e240d4-1,3,247.95,15,210.76,0,2024-05-10,2024,5,10,0,113
adf25ccc,31f57700-9,0,93.82,5,89.13,3,2024-09-20,2024,9,20,0,139
701e2225,66e16cc8-6,1,436.57,0,436.57,4,2024-07-25,2024,7,25,4,46
ff1aec5a,2e589993-c,4,251.55,5,238.97,2,2024-09-28,2024,9,28,2,84
2d03157c,c7ba1a27-a,2,358.51,30,250.96,1,2024-07-26,2024,7,26,0,133
7faf145b,f4d23f5f-d,5,277.08,5,263.23,1,2024-04-25,2024,4,25,4,76
a33bd4fb,e852197d-c,2,166.11,0,166.11,0,2024-08-29,2024,8,29,4,83
ba01f031,c9730c6b-8,2,375.69,20,300.55,4,2024-06-05,2024,6,5,6,108
67526a73,021b5323-6,6,40.84,25,30.63,1,2024-01-17,2024,1,17,6,184
b8eb1581,75361d13-c,0,284.31,30,199.02,4,2024-04-13,2024,4,13,2,173
cc9a4a59,67c6110c-d,4,382.26,25,286.69,2,2024-01-04,2024,1,4,4,119
10a9dfd0,de3193c1-5,2,432.35,15,367.5,0,2024-03-22,2024,3,22,0,82
d05887e3,27759c80-c,6,375.08,20,300.06,3,2024-09-24,2024,9,24,5,102
35190f96,8e4f5f67-b,6,96.29,30,67.4,3,2024-08-24,2024,8,24,2,190
7936042d,78871f14-5,0,18.83,20,15.06,3,2024-02-21,2024,2,21,6,201
234be188,f79b493a-a,5,209.81,0,209.81,4,2024-07-26,2024,7,26,0,73
e88f788c,abfbb29e-b,0,462.62,30,323.83,2,2024-07-09,2024,7,9,5,139
10801644,66735ed7-1,1,75.39,15,64.08,3,2024-09-16,2024,9,16,1,160
d80ad3eb,6afcbca0-5,3,42.08,25,31.56,0,2024-03-09,2024,3,9,2,191
8921b076,0fdd5b3a-3,6,301.63,0,301.63,4,2024-08-15,2024,8,15,4,64
d94f7995,12e1b808-8,4,111.69,0,111.69,3,2024-01-18,2024,1,18,4,100
9af56311,8556e66c-8,2,67.93,20,54.34,2,2024-02-19,2024,2,19,1,163
fed09ac7,8f607500-f,5,304.77,20,243.82,1,2024-05-15,2024,5,15,6,115
bd91326f,fca49d30-4,1,414.17,10,372.75,4,2024-07-26,2024,7,26,0,72
1711938b,2e17ee27-f,6,229.31,0,229.31,3,2024-01-09,2024,1,9,5,71
4f561f14,22ba3bc0-4,4,203.87,5,193.68,4,2024-06-04,2024,6,4,5,93
863700b9,5f14d968-6,6,341.35,30,238.94,2,2024-09-10,2024,9,10,5,146
9792cfef,325aa7df-2,1,46.58,20,37.26,2,2024-08-29,2024,8,29,4,176
09082595,6bf09eaa-b,4,495.47,5,470.7,0,2024-02-21,2024,2,21,6,32
d0415285,ddc5cc56-d,4,170.19,50,85.09,3,2024-08-15,2024,8,15,4,233
c8d33b31,454a18be-b,1,496.58,25,372.44,2,2024-04-29,2024,4,29,1,106
efe70bb7,1ce53602-d,3,265.4,50,132.7,1,2024-01-07,2024,1,7,3,213
97f73aeb,cac7db78-2,3,182.3,15,154.96,1,2024-07-16,2024,7,16,5,131
078124d1,0a92dd28-a,3,331.23,5,314.67,1,2024-05-14,2024,5,14,5,70
bcadd0b0,f01362a8-e,5,368.61,5,350.18,2,2024-10-19,2024,10,19,2,89
7cfdff7f,88c5852e-1,0,77.58,10,69.82,2,2024-05-24,2024,5,24,0,149
39065b8b,ad70a3a7-d,1,225.18,30,157.63,4,2024-05-07,2024,5,7,5,169
b446a986,d8da0c70-7,2,26.84,10,24.16,1,2024-02-11,2024,2,11,3,139
4c48c374,3a293082-5,6,145.56,0,145.56,2,2024-03-14,2024,3,14,4,85
aa0830de,2296bad7-5,0,71.21,20,56.97,0,2024-04-16,2024,4,16,5,187
a9eaf38a,2a7b7a77-b,2,282.16,5,268.05,3,2024-10-25,2024,10,25,0,105
16dc86bb,fe7b7f45-d,1,312.0,15,265.2,2,2024-11-17,2024,11,17,3,142
7cfe5175,6bbc1f47-3,3,210.34,0,210.34,2,2024-07-18,2024,7,18,4,74
0d128e62,cdeb8fed-1,2,53.33,15,45.33,0,2024-06-01,2024,6,1,2,159
215d2ce2,55d34999-4,1,459.92,20,367.94,3,2024-04-21,2024,4,21,3,97
50793953,d8f37fb7-4,1,121.91,5,115.81,0,2024-04-08,2024,4,8,1,121
4905b683,669c2558-4,0,454.48,0,454.48,0,2024-04-07,2024,4,7,3,45
9bef891d,9f1e246e-7,3,365.46,20,292.37,0,2024-04-21,2024,4,21,3,106
e703a85c,ca5ade08-c,1,285.77,15,242.9,1,2024-04-16,2024,4,16,5,117
edaea13b,7f65820e-3,1,382.19,0,382.19,1,2024-06-29,2024,6,29,2,58
bec57e40,c8fd6364-9,5,470.63,30,329.44,4,2024-04-07,2024,4,7,3,112
e51f7ec4,63590819-0,6,14.21,30,9.95,1,2024-10-02,2024,10,2,6,237
a6e87160,6ede0fd1-8,0,116.25,0,116.25,2,2024-01-27,2024,1,27,2,120
02e15abd,ed1ae875-7,1,464.22,20,371.38,0,2024-03-05,2024,3,5,5,101
6b2ce843,96967760-1,2,110.66,0,110.66,2,2024-09-11,2024,9,11,6,96
5c426b3f,8273b4d6-a,2,405.44,15,344.62,4,2024-03-14,2024,3,14,4,79
a4f838a3,9ce572cf-c,1,387.72,20,310.18,1,2024-09-23,2024,9,23,1,115
c02205a7,c5c953dc-1,5,494.64,15,420.44,2,2024-04-23,2024,4,23,5,68
f7d947da,76fabe22-a,2,15.47,10,13.92,4,2024-07-19,2024,7,19,0,143
dce09756,2708706b-f,2,246.59,0,246.59,4,2024-11-01,2024,11,1,0,102
15bbabf3,f2da22e6-4,3,27.64,50,13.82,0,2024-11-21,2024,11,21,4,297
a73c44c3,9d71623e-6,0,464.83,50,232.41,3,2024-04-09,2024,4,9,5,194
fffca9db,260967ac-3,0,111.4,25,83.55,1,2024-04-10,2024,4,10,6,189
d040767a,353f3937-0,2,401.32,50,200.66,3,2024-04-18,2024,4,18,4,185
dcec950f,b69ff3d5-0,0,58.57,5,55.64,2,2024-10-26,2024,10,26,2,175
11a0b7bc,605d4e9a-9,2,51.66,30,36.16,2,2024-01-05,2024,1,5,0,203
17cca69e,cf241107-4,6,74.45,15,63.28,1,2024-09-25,2024,9,25,6,145
8eebaad5,f4e68cb9-c,0,452.7,30,316.89,4,2024-10-08,2024,10,8,5,171
3e4bac03,1caa8cc2-d,3,89.64,30,62.75,2,2024-06-15,2024,6,15,2,193
f2c1aeec,fa74c07d-0,1,403.11,20,322.49,2,2024-10-14,2024,10,14,1,140
02548f78,5fdc50b4-9,6,265.96,10,239.36,1,2024-06-12,2024,6,12,6,93
4bd454f2,816750a6-2,4,286.82,30,200.77,0,2024-01-17,2024,1,17,6,147
3199bdec,52dab7d3-2,0,411.18,5,390.62,0,2024-02-11,2024,2,11,3,70
1f4fbea8,2248992e-1,6,151.15,50,75.58,2,2024-10-09,2024,10,9,6,272
17ea7752,eccf2ef5-f,1,15.79,15,13.42,0,2024-04-04,2024,4,4,4,170
42139082,0fd849b9-6,1,25.72,20,20.58,4,2024-06-04,2024,6,4,5,179
23eb2059,aa0dd417-1,5,308.0,25,231.0,0,2024-01-20,2024,1,20,2,132
e2b06600,949b68fc-4,4,28.03,20,22.42,1,2024-10-07,2024,10,7,1,206
44e06509,edd3115f-f,6,253.16,50,126.58,4,2024-02-21,2024,2,21,6,221
09525f3e,f25ed4ac-f,2,178.63,30,125.04,1,2024-06-02,2024,6,2,3,173
b045adae,c10b4517-2,1,466.27,20,373.02,1,2024-10-27,2024,10,27,3,129
39534104,1432e84a-5,0,66.61,0,66.61,0,2024-04-27,2024,4,27,2,121
6c0ef9f4,320ed873-2,0,96.54,25,72.41,4,2024-10-06,2024,10,6,3,223
34f377cd,ae12cb5e-b,1,93.17,0,93.17,0,2024-01-29,2024,1,29,1,108
e4503649,424145fa-f,6,177.14,25,132.85,3,2024-04-27,2024,4,27,2,155
9c92e75f,fd6d8c56-2,0,178.71,30,125.1,4,2024-10-18,2024,10,18,0,226
c8ca95d2,60fad8b3-2,5,49.67,30,34.77,1,2024-06-30,2024,6,30,3,201
3474bf64,2752a4e7-d,5,377.17,20,301.74,3,2024-03-28,2024,3,28,4,107
daa878b0,8d54a85c-b,6,467.12,0,467.12,4,2024-05-24,2024,5,24,0,22
03fa1b88,9d7b3a40-1,3,50.13,10,45.12,0,2024-08-24,2024,8,24,2,137
c167a9ff,208c25b0-f,3,84.5,10,76.05,0,2024-10-03,2024,10,3,4,163
bd34d0a3,e923ddb3-0,4,335.21,15,284.93,3,2024-01-02,2024,1,2,5,102
0fd2f768,6aab4de3-c,0,496.92,15,422.38,0,2024-03-26,2024,3,26,5,82
501af596,c4b7e49b-3,2,188.19,50,94.09,4,2024-04-08,2024,4,8,1,234
f92df21e,eecc66fb-1,2,260.92,5,247.87,3,2024-09-23,2024,9,23,1,79
72f040c8,51f611f7-5,3,75.9,30,53.13,3,2024-11-12,2024,11,12,5,220
5f990d55,b73fbc73-a,2,146.25,10,131.62,0,2024-09-22,2024,9,22,3,117
5e123a81,7780976a-a,1,44.04,15,37.43,2,2024-03-14,2024,3,14,4,171
4c90253a,a38718aa-1,2,226.03,20,180.82,3,2024-03-23,2024,3,23,2,134
a418bd67,08d26d88-a,2,210.43,15,178.87,3,2024-07-26,2024,7,26,0,118
828a1016,21c515e3-9,0,161.16,30,112.81,0,2024-08-19,2024,8,19,1,199
bed6a723,1b6d2e70-3,2,159.01,30,111.31,2,2024-02-20,2024,2,20,5,173
1097aa00,42eaef55-d,0,92.91,15,78.97,4,2024-11-11,2024,11,11,1,197
d290ed45,6e38e927-b,6,158.0,10,142.2,2,2024-06-06,2024,6,6,4,114
72e7de49,a51a4ade-9,3,137.33,10,123.6,2,2024-09-09,2024,9,9,1,126
dde45136,731d74ce-8,6,176.73,30,123.71,3,2024-03-16,2024,3,16,2,174
dc061c43,4fad634f-d,5,64.49,50,32.24,3,2024-08-07,2024,8,7,6,253
15375b7a,8679b68a-2,1,25.9,10,23.31,3,2024-03-21,2024,3,21,4,150
18729857,44750fc4-5,1,452.56,20,362.05,4,2024-05-08,2024,5,8,6,103
57cf5b46,a595d509-9,3,178.67,20,142.94,0,2024-07-28,2024,7,28,3,146
c10237e3,654b3879-5,4,326.79,15,277.77,0,2024-09-30,2024,9,30,1,95
11ca9164,3bf1555f-e,6,317.61,0,317.61,2,2024-06-30,2024,6,30,3,57
ec1b92c2,e11430ab-8,4,210.72,25,158.04,4,2024-09-29,2024,9,29,3,149
aa5ed28b,16f47d8b-3,1,301.53,5,286.45,0,2024-07-11,2024,7,11,4,86
c4b18ff3,57a2108b-b,4,338.28,10,304.45,2,2024-02-09,2024,2,9,0,83
a6021b76,72bf5c3c-e,1,212.78,15,180.86,3,2024-05-03,2024,5,3,0,134
be71f7a5,11183869-3,4,147.17,0,147.17,4,2024-09-05,2024,9,5,4,91
fb538ced,d4ab229e-c,2,320.44,0,320.44,1,2024-03-31,2024,3,31,3,60
4d1a715f,21f8295d-0,5,395.32,50,197.66,2,2024-05-31,2024,5,31,0,190
c30630f7,2fe45a62-d,6,436.56,0,436.56,4,2024-09-23,2024,9,23,1,33
b08c75b4,802e2598-a,2,61.32,25,45.99,0,2024-09-04,2024,9,4,6,181
67cc6644,4f214f6b-a,6,359.22,25,269.42,2,2024-05-18,2024,5,18,2,124
27016f42,c9254109-5,6,309.67,25,232.25,0,2024-09-13,2024,9,13,0,128
d2d4b9b3,35118dda-c,3,309.54,15,263.11,1,2024-01-09,2024,1,9,5,98
cb79a803,afb2d617-c,5,315.8,0,315.8,2,2024-03-25,2024,3,25,1,59
c5eb383c,4cdd9fa5-1,6,425.9,5,404.6,1,2024-01-24,2024,1,24,6,48
e7ba49df,3d9448a2-d,2,399.41,20,319.53,4,2024-11-12,2024,11,12,5,129
8a72634d,2dd9f21a-9,6,177.58,20,142.06,2,2024-04-28,2024,4,28,3,141
d8537c7d,e32822c0-4,3,207.02,30,144.91,4,2024-02-15,2024,2,15,4,167
755d7fe9,cbfe0b39-9,2,324.36,15,275.71,1,2024-06-06,2024,6,6,4,97
73b0732b,f2abc93d-7,1,168.18,0,168.18,4,2024-03-04,2024,3,4,1,99
f8cd3c03,5c34ab2f-1,5,396.76,50,198.38,3,2024-10-06,2024,10,6,3,223
0888b113,9cb987d3-7,1,74.67,30,52.27,1,2024-02-29,2024,2,29,4,205
5e8e658d,c30789e2-2,0,268.63,15,228.34,4,2024-03-31,2024,3,31,3,126
54caabdb,27086972-3,1,105.99,15,90.09,1,2024-01-11,2024,1,11,4,154
9049f512,93701244-6,1,213.68,15,181.63,4,2024-03-31,2024,3,31,3,133
bbb92935,ef09e847-4,0,148.44,10,133.6,3,2024-02-10,2024,2,10,2,144
421a5df2,672bdc23-b,6,140.68,10,126.61,2,2024-03-25,2024,3,25,1,125
0304a5d8,4581d011-b,6,393.82,50,196.91,0,2024-08-10,2024,8,10,2,189
4350a1b5,89023a7d-8,6,155.42,20,124.34,1,2024-01-28,2024,1,28,3,150
ae1e6f3f,0d1afa5d-a,4,267.16,20,213.73,2,2024-05-29,2024,5,29,6,126
323b46c6,e7797ea9-2,6,340.21,5,323.2,4,2024-06-09,2024,6,9,3,64
d9d6eb5d,9541684d-3,2,336.44,25,252.33,3,2024-01-07,2024,1,7,3,125
a59c3e17,694dc185-6,3,283.36,50,141.68,0,2024-05-14,2024,5,14,5,209
310ecc50,fddffc2e-9,2,472.32,0,472.32,2,2024-09-16,2024,9,16,1,21
fd42a231,cecae3dc-8,4,101.57,20,81.26,2,2024-06-01,2024,6,1,2,157
957ba512,d2d8de8e-9,3,395.72,20,316.58,0,2024-09-20,2024,9,20,0,99
cf39e3b6,20db9273-b,3,221.5,50,110.75,2,2024-04-18,2024,4,18,4,227
3fe0d733,dc3e57fa-e,3,320.78,15,272.66,1,2024-11-10,2024,11,10,3,130
5bc9bcc6,990c64e6-e,3,315.5,15,268.18,0,2024-06-01,2024,6,1,2,99
59e8d716,909a3085-c,0,27.26,30,19.08,2,2024-08-12,2024,8,12,1,229
f144573f,f8947636-8,6,409.56,10,368.6,1,2024-04-16,2024,4,16,5,69
d0cca08b,c803cb4d-f,6,194.33,20,155.46,0,2024-07-14,2024,7,14,3,143
46de6e12,af1f5832-c,4,281.87,50,140.94,4,2024-10-14,2024,10,14,1,239
cb976f6f,05611fde-f,5,63.89,5,60.7,0,2024-06-29,2024,6,29,2,123
6852256e,683396d0-8,1,409.61,10,368.65,4,2024-02-13,2024,2,13,5,74
d9b6aafd,fb547e8b-d,2,222.24,25,166.68,2,2024-10-29,2024,10,29,5,176
a7bf5d50,75a51dbb-6,3,167.97,50,83.98,4,2024-09-22,2024,9,22,3,238
cdb8c480,511ebbe1-b,3,101.38,20,81.1,2,2024-10-01,2024,10,1,5,185
2726ae9c,cfcf8a79-4,0,299.63,15,254.69,4,2024-09-23,2024,9,23,1,130
14974d49,fd3b53af-c,6,373.78,25,280.33,4,2024-11-19,2024,11,19,5,153
20af9383,2821ebc6-0,5,243.74,15,207.18,4,2024-11-15,2024,11,15,0,141
ff0620fc,e4f7dbbd-b,4,133.2,20,106.56,4,2024-03-28,2024,3,28,4,156
097e0691,5e070719-4,3,68.94,30,48.26,3,2024-04-09,2024,4,9,5,191
c752d202,dc89fb50-2,3,275.43,50,137.72,0,2024-04-18,2024,4,18,4,218
03a8069a,9ec5b085-7,6,197.83,25,148.37,3,2024-08-08,2024,8,8,4,159
ad0e6c75,3d35c39c-5,3,215.89,50,107.94,3,2024-07-15,2024,7,15,1,222
45b689eb,19df81cc-7,0,83.57,5,79.39,4,2024-05-26,2024,5,26,3,138
6e6f14b4,b515ad91-9,1,393.77,5,374.08,2,2024-10-15,2024,10,15,5,96
f19d241b,03440158-4,6,262.88,10,236.59,3,2024-08-07,2024,8,7,6,92
6967f624,7803ef47-f,0,373.87,50,186.94,4,2024-10-05,2024,10,5,2,246
e57a5769,ab788e03-9,0,96.15,25,72.11,4,2024-01-27,2024,1,27,2,197
b18caa07,9e01f018-3,4,298.68,30,209.08,4,2024-08-04,2024,8,4,3,146
bc1fe366,bbf5a8c4-c,1,290.9,15,247.26,0,2024-10-25,2024,10,25,0,148
027fe2aa,9de4ed40-3,3,316.29,30,221.4,3,2024-07-31,2024,7,31,6,149
e7a1a25e,279b80d2-3,6,69.38,15,58.97,1,2024-07-08,2024,7,8,1,151
f5621bfe,bc3d8d56-d,0,241.05,15,204.89,0,2024-05-24,2024,5,24,0,135
aa5fcb35,cb1d13bc-a,4,206.34,20,165.07,3,2024-06-09,2024,6,9,3,141
e5d18746,ab743503-5,1,457.39,50,228.69,1,2024-05-30,2024,5,30,4,193
6a0bf80b,ad062ad5-4,1,71.82,0,71.82,3,2024-11-08,2024,11,8,0,148
1d3b4cbd,c201b757-7,0,431.57,25,323.68,1,2024-05-28,2024,5,28,5,123
84b342df,f2226ce1-5,0,304.06,5,288.86,4,2024-11-04,2024,11,4,1,129
86289c63,c0c0bc6d-5,0,302.93,5,287.78,4,2024-01-15,2024,1,15,1,91
2a202e20,2c094686-a,1,31.24,5,29.68,0,2024-01-25,2024,1,25,4,141
9f470f3a,434e63d4-3,5,439.88,5,417.89,1,2024-04-08,2024,4,8,1,52
3123e3f0,fa9eac42-d,6,397.79,25,298.34,0,2024-02-15,2024,2,15,4,111
a5b943ac,beed46fa-3,1,302.86,0,302.86,3,2024-08-21,2024,8,21,6,67
0a3ca68a,f4a35930-c,3,286.82,25,215.12,3,2024-06-26,2024,6,26,6,135
939d3a3b,b15b2799-0,2,209.91,50,104.95,0,2024-08-18,2024,8,18,3,224
32c80a92,7184cb78-f,0,406.97,15,345.92,0,2024-11-02,2024,11,2,2,130
ebe00762,89622171-7,4,95.24,15,80.95,3,2024-05-27,2024,5,27,1,142
61516c8d,57bd01e9-5,3,313.68,25,235.26,1,2024-02-28,2024,2,28,6,127
a4882f62,ed994c1b-8,3,328.54,15,279.26,4,2024-08-23,2024,8,23,0,99
93ce878c,c7d050f3-d,2,390.78,25,293.08,0,2024-08-09,2024,8,9,0,118
140e089c,47489c4d-c,5,432.01,5,410.41,2,2024-05-20,2024,5,20,1,45
137307da,17d2f080-1,3,101.33,15,86.13,1,2024-04-19,2024,4,19,0,143
372fa176,b1fa8814-7,5,97.09,30,67.96,1,2024-10-30,2024,10,30,6,215
fbfdfbb1,8a686224-d,1,428.23,20,342.58,4,2024-04-21,2024,4,21,3,108
819d4337,a68ea643-5,0,249.79,20,199.83,4,2024-10-12,2024,10,12,2,181
7d3d5bce,6b443db9-7,1,125.28,0,125.28,0,2024-06-26,2024,6,26,6,108
ef2a5e35,9e0e3d1d-9,6,27.12,5,25.76,0,2024-10-13,2024,10,13,3,154
d646700c,585b0773-2,5,484.56,0,484.56,4,2024-10-21,2024,10,21,1,58
6bcd9d7f,ae83104f-9,4,68.45,30,47.91,3,2024-11-13,2024,11,13,6,229
9622a93e,2e3d2cff-e,5,108.02,10,97.22,4,2024-10-14,2024,10,14,1,160
1c587631,5dc3861b-a,4,287.25,20,229.8,2,2024-02-09,2024,2,9,0,123
bc3c0bbe,5c512226-0,0,198.26,0,198.26,3,2024-09-26,2024,9,26,4,104
64f39542,cabdd327-d,2,218.12,5,207.21,1,2024-01-30,2024,1,30,5,92
02ea58e6,b371fcde-5,6,401.08,5,381.03,0,2024-02-05,2024,2,5,1,53
1bc373ee,b45ef0eb-6,1,247.48,50,123.74,4,2024-05-20,2024,5,20,1,229
2a815054,8402c6f6-f,2,78.14,0,78.14,4,2024-09-02,2024,9,2,1,109
90a64934,a2f456bc-6,1,169.79,5,161.3,4,2024-10-25,2024,10,25,0,140
6644ad14,cd15baa4-6,2,438.09,20,350.47,0,2024-01-07,2024,1,7,3,87
925dcde3,c5855ed0-1,3,265.65,25,199.24,4,2024-09-30,2024,9,30,1,143
88e7a084,aff28293-4,4,39.87,15,33.89,2,2024-10-04,2024,10,4,0,192
a23cc45d,48abeefb-a,3,406.9,20,325.52,1,2024-08-07,2024,8,7,6,93
56813cff,20ed3090-1,4,218.68,20,174.94,4,2024-09-18,2024,9,18,6,134
b2977fc7,57d63443-6,4,216.55,20,173.24,1,2024-03-24,2024,3,24,3,139
3d080554,9e94c33f-a,5,282.62,0,282.62,1,2024-03-02,2024,3,2,2,66
2a1d2b27,c6bc8604-1,1,493.54,20,394.83,4,2024-07-04,2024,7,4,4,90
fef3b4d7,f98164ab-b,2,48.56,0,48.56,1,2024-10-20,2024,10,20,3,138
3bea58ee,38ffeb9d-2,5,185.29,0,185.29,1,2024-09-27,2024,9,27,0,79
90bad297,d34354bc-4,5,310.41,15,263.85,0,2024-11-17,2024,11,17,3,129
01365196,f6e5b45b-1,0,381.75,50,190.88,3,2024-08-05,2024,8,5,1,212
ef9fbda4,444025dc-a,0,202.43,20,161.94,0,2024-09-05,2024,9,5,4,163
12ada465,3ee2d742-e,2,235.21,10,211.69,2,2024-02-24,2024,2,24,2,97
67475da1,7d8a413d-2,1,371.67,0,371.67,1,2024-09-05,2024,9,5,4,54
db89ad76,14316b67-4,6,393.1,0,393.1,0,2024-07-05,2024,7,5,0,41
d80cb54a,32cefb76-9,0,146.55,20,117.24,2,2024-08-13,2024,8,13,5,171
7764e9c8,d3e39266-3,3,193.43,15,164.42,0,2024-11-21,2024,11,21,4,159
635a5c98,1cda4de8-a,5,259.28,5,246.32,3,2024-03-11,2024,3,11,1,80
b6d93334,503f3f21-6,2,217.51,30,152.26,0,2024-03-14,2024,3,14,4,162
703cf4c4,ae7411d3-2,1,412.49,50,206.25,3,2024-09-08,2024,9,8,3,194
b8e96ec5,d2715a4e-f,2,392.74,5,373.1,0,2024-01-26,2024,1,26,0,59
d5d8192a,954b6084-d,5,135.71,50,67.86,2,2024-07-08,2024,7,8,1,243
d49c1938,b894955f-9,6,487.62,25,365.72,1,2024-06-28,2024,6,28,0,100
4674ffc8,90083387-2,0,370.72,10,333.65,0,2024-01-31,2024,1,31,6,91
c94b1a1a,31706191-8,0,98.73,5,93.79,1,2024-11-15,2024,11,15,0,164
ae262d85,f0f93bcd-c,4,79.42,50,39.71,1,2024-06-11,2024,6,11,5,252
e9ad7995,a41c5d52-d,4,248.01,50,124.0,0,2024-02-03,2024,2,3,2,216
efcf43d8,240cbb3f-2,3,339.17,30,237.42,4,2024-06-11,2024,6,11,5,145
bbf18e01,c957a166-d,1,419.32,0,419.32,2,2024-06-14,2024,6,14,0,49
4fa93089,59771ab0-8,1,323.53,15,275.0,2,2024-05-04,2024,5,4,2,110
4e69c8b2,8e123634-6,6,230.0,25,172.5,1,2024-04-04,2024,4,4,4,154
59b1a413,6a59db47-e,1,218.44,25,163.83,4,2024-03-19,2024,3,19,5,161
860101ea,68867ed9-3,1,431.85,15,367.07,3,2024-08-14,2024,8,14,6,90
fcdfd494,5420918c-0,1,334.79,25,251.09,4,2024-03-02,2024,3,2,2,138
67abda0a,28714133-6,0,486.79,0,486.79,4,2024-05-14,2024,5,14,5,37
34ebc1a0,08838c2c-9,6,212.87,15,180.94,0,2024-11-19,2024,11,19,5,150
1defd3b1,c39a4f16-6,4,389.76,0,389.76,3,2024-08-07,2024,8,7,6,43
0611293d,b4f67f96-9,3,447.66,30,313.36,4,2024-05-21,2024,5,21,5,116
e73ad07c,a5d07442-d,4,235.77,30,165.04,4,2024-04-14,2024,4,14,3,165
